mol_id,optimized_sdf
test-0,"N[C@H]1NC(c2cnco2)N=C(c2cccc(-c3cnoc3)c2)c2ccccc21
     RDKit          3D

 45 49  0  0  1  0  0  0  0  0999 V2000
   52.9913   58.6647   21.3271 N   0  0  0  0  0  0  0  0  0  0  0  0
   53.7900   58.0408   20.4977 C   0  0  0  0  0  0  0  0  0  0  0  0
   53.3479   56.8263   20.0964 O   0  0  0  0  0  0  0  0  0  0  0  0
   52.1568   56.6778   20.7311 C   0  0  0  0  0  0  0  0  0  0  0  0
   51.9769   57.8329   21.4807 C   0  0  0  0  0  0  0  0  0  0  0  0
   51.4933   55.3129   20.6884 C   0  0  1  0  0  0  0  0  0  0  0  0
   51.5731   54.8287   19.3245 N   0  0  0  0  0  0  0  0  0  0  0  0
   50.9905   53.7171   19.0767 C   0  0  0  0  0  0  0  0  0  0  0  0
   51.6972   52.4586   19.4248 C   0  0  0  0  0  0  0  0  0  0  0  0
   51.9940   51.5532   18.3971 C   0  0  0  0  0  0  0  0  0  0  0  0
   52.5333   50.3067   18.6781 C   0  0  0  0  0  0  0  0  0  0  0  0
   52.7775   49.9188   19.9868 C   0  0  0  0  0  0  0  0  0  0  0  0
   52.5811   50.8364   21.0097 C   0  0  0  0  0  0  0  0  0  0  0  0
   52.1189   52.1325   20.7410 C   0  0  0  0  0  0  0  0  0  0  0  0
   52.1027   53.1447   21.8848 C   0  0  1  0  0  0  0  0  0  0  0  0
   52.3017   54.5443   21.6126 N   0  0  0  0  0  0  0  0  0  0  0  0
   50.9327   53.0115   22.6760 N   0  0  0  0  0  0  0  0  0  0  0  0
   49.6932   53.6529   18.3176 C   0  0  0  0  0  0  0  0  0  0  0  0
   49.1088   52.4416   17.9025 C   0  0  0  0  0  0  0  0  0  0  0  0
   48.0848   52.4267   16.9571 C   0  0  0  0  0  0  0  0  0  0  0  0
   47.6385   53.6214   16.3996 C   0  0  0  0  0  0  0  0  0  0  0  0
   48.1328   54.8442   16.8561 C   0  0  0  0  0  0  0  0  0  0  0  0
   49.0815   54.8416   17.8792 C   0  0  0  0  0  0  0  0  0  0  0  0
   47.7327   56.1418   16.2305 C   0  0  0  0  0  0  0  0  0  0  0  0
   47.1961   56.3747   14.9764 C   0  0  0  0  0  0  0  0  0  0  0  0
   46.9545   57.6973   14.8060 O   0  0  0  0  0  0  0  0  0  0  0  0
   47.3304   58.3629   15.9709 N   0  0  0  0  0  0  0  0  0  0  0  0
   47.7802   57.4293   16.7746 C   0  0  0  0  0  0  0  0  0  0  0  0
   54.7343   58.3622   20.0854 H   0  0  0  0  0  0  0  0  0  0  0  0
   51.1749   58.0397   22.1782 H   0  0  0  0  0  0  0  0  0  0  0  0
   50.4576   55.3646   21.0351 H   0  0  0  0  0  0  0  0  0  0  0  0
   51.7698   51.7904   17.3651 H   0  0  0  0  0  0  0  0  0  0  0  0
   52.7254   49.6236   17.8749 H   0  0  0  0  0  0  0  0  0  0  0  0
   53.1098   48.9117   20.2023 H   0  0  0  0  0  0  0  0  0  0  0  0
   52.7953   50.5409   22.0290 H   0  0  0  0  0  0  0  0  0  0  0  0
   52.9263   52.8777   22.5433 H   0  0  0  0  0  0  0  0  0  0  0  0
   52.4321   55.0620   22.4686 H   0  0  0  0  0  0  0  0  0  0  0  0
   50.8618   53.8185   23.2764 H   0  0  0  0  0  0  0  0  0  0  0  0
   50.1445   53.0814   22.0485 H   0  0  0  0  0  0  0  0  0  0  0  0
   49.4656   51.4861   18.2571 H   0  0  0  0  0  0  0  0  0  0  0  0
   47.6770   51.4859   16.6166 H   0  0  0  0  0  0  0  0  0  0  0  0
   46.9051   53.5975   15.6109 H   0  0  0  0  0  0  0  0  0  0  0  0
   49.4802   55.7913   18.2050 H   0  0  0  0  0  0  0  0  0  0  0  0
   46.9343   55.7351   14.1455 H   0  0  0  0  0  0  0  0  0  0  0  0
   48.1290   57.6821   17.7649 H   0  0  0  0  0  0  0  0  0  0  0  0
  1  2  2  0
  1  5  1  0
  2  3  1  0
  2 29  1  0
  3  4  1  0
  4  5  2  0
  4  6  1  0
  5 30  1  0
  6  7  1  0
  6 16  1  0
  6 31  1  1
  7  8  2  0
  8  9  1  0
  8 18  1  0
  9 10  1  0
  9 14  2  0
 10 11  2  0
 10 32  1  0
 11 12  1  0
 11 33  1  0
 12 13  2  0
 12 34  1  0
 13 14  1  0
 13 35  1  0
 14 15  1  0
 15 16  1  0
 15 17  1  0
 15 36  1  1
 16 37  1  0
 17 38  1  0
 17 39  1  0
 18 19  2  0
 18 23  1  0
 19 20  1  0
 19 40  1  0
 20 21  2  0
 20 41  1  0
 21 22  1  0
 21 42  1  0
 22 23  2  0
 22 24  1  0
 23 43  1  0
 24 25  2  0
 24 28  1  0
 25 26  1  0
 25 44  1  0
 26 27  1  0
 27 28  2  0
 28 45  1  0
M  END
"
test-1,"CNC(=O)c1cnc(Cl)c(Oc2cc(Nc3cccnn3)cnn2)c1
     RDKit          3D

 37 39  0  0  1  0  0  0  0  0999 V2000
   -0.3538   60.2416   34.1266 N   0  0  0  0  0  0  0  0  0  0  0  0
   -0.4222   58.8363   34.1248 C   0  0  0  0  0  0  0  0  0  0  0  0
   -1.6557   58.2536   34.4243 C   0  0  0  0  0  0  0  0  0  0  0  0
   -1.7955   56.8697   34.3107 C   0  0  0  0  0  0  0  0  0  0  0  0
   -0.7549   56.0681   33.9700 N   0  0  0  0  0  0  0  0  0  0  0  0
    0.4451   56.6139   33.7251 N   0  0  0  0  0  0  0  0  0  0  0  0
    0.6129   57.9635   33.7760 C   0  0  0  0  0  0  0  0  0  0  0  0
   -2.9792   56.2316   34.5868 O   0  0  0  0  0  0  0  0  0  0  0  0
   -3.9075   56.1235   33.5766 C   0  0  0  0  0  0  0  0  0  0  0  0
   -3.8315   55.0813   32.6442 C   0  0  0  0  0  0  0  0  0  0  0  0
   -4.8101   54.9731   31.6467 C   0  0  0  0  0  0  0  0  0  0  0  0
   -5.8373   55.9197   31.6200 C   0  0  0  0  0  0  0  0  0  0  0  0
   -5.9348   56.9260   32.5209 N   0  0  0  0  0  0  0  0  0  0  0  0
   -4.9880   57.0124   33.4876 C   0  0  0  0  0  0  0  0  0  0  0  0
   -5.1865   58.2544   34.6609 Cl  0  0  0  0  0  0  0  0  0  0  0  0
   -4.7820   53.8687   30.6319 C   0  0  0  0  0  0  0  0  0  0  0  0
   -5.1265   52.7327   30.9430 O   0  0  0  0  0  0  0  0  0  0  0  0
   -4.4413   54.1712   29.3699 N   0  0  0  0  0  0  0  0  0  0  0  0
   -3.7474   55.3758   28.9253 C   0  0  0  0  0  0  0  0  0  0  0  0
    0.5425   61.2149   33.6570 C   0  0  0  0  0  0  0  0  0  0  0  0
    1.9166   61.0274   33.4675 C   0  0  0  0  0  0  0  0  0  0  0  0
    2.6660   62.0888   32.9569 C   0  0  0  0  0  0  0  0  0  0  0  0
    2.0120   63.2880   32.6908 C   0  0  0  0  0  0  0  0  0  0  0  0
    0.6837   63.4441   32.9089 N   0  0  0  0  0  0  0  0  0  0  0  0
   -0.0387   62.4128   33.3775 N   0  0  0  0  0  0  0  0  0  0  0  0
   -1.2676   60.6529   34.2920 H   0  0  0  0  0  0  0  0  0  0  0  0
   -2.4983   58.8616   34.7067 H   0  0  0  0  0  0  0  0  0  0  0  0
    1.5895   58.2974   33.4848 H   0  0  0  0  0  0  0  0  0  0  0  0
   -3.0225   54.3679   32.7101 H   0  0  0  0  0  0  0  0  0  0  0  0
   -6.6246   55.8683   30.8806 H   0  0  0  0  0  0  0  0  0  0  0  0
   -4.5620   53.4423   28.6845 H   0  0  0  0  0  0  0  0  0  0  0  0
   -3.9726   56.2542   29.5281 H   0  0  0  0  0  0  0  0  0  0  0  0
   -2.6766   55.2052   28.9491 H   0  0  0  0  0  0  0  0  0  0  0  0
   -4.0002   55.6066   27.8942 H   0  0  0  0  0  0  0  0  0  0  0  0
    2.4181   60.1119   33.7170 H   0  0  0  0  0  0  0  0  0  0  0  0
    3.7224   61.9913   32.7664 H   0  0  0  0  0  0  0  0  0  0  0  0
    2.5475   64.1429   32.3027 H   0  0  0  0  0  0  0  0  0  0  0  0
  1  2  1  0
  1 20  1  0
  1 26  1  0
  2  3  2  0
  2  7  1  0
  3  4  1  0
  3 27  1  0
  4  5  2  0
  4  8  1  0
  5  6  1  0
  6  7  2  0
  7 28  1  0
  8  9  1  0
  9 10  2  0
  9 14  1  0
 10 11  1  0
 10 29  1  0
 11 12  2  0
 11 16  1  0
 12 13  1  0
 12 30  1  0
 13 14  2  0
 14 15  1  0
 16 17  2  0
 16 18  1  0
 18 19  1  0
 18 31  1  0
 19 32  1  0
 19 33  1  0
 19 34  1  0
 20 21  2  0
 20 25  1  0
 21 22  1  0
 21 35  1  0
 22 23  2  0
 22 36  1  0
 23 24  1  0
 23 37  1  0
 24 25  2  0
M  END
"
test-2,"C1C[C@@H]2NCN[C@H](C1)N2
     RDKit          3D

 22 23  0  0  1  0  0  0  0  0999 V2000
   12.9280   51.0210   -5.1188 N   0  0  0  0  0  0  0  0  0  0  0  0
   14.0551   51.7246   -5.7279 C   0  0  1  0  0  0  0  0  0  0  0  0
   14.3608   52.9661   -4.8677 C   0  0  0  0  0  0  0  0  0  0  0  0
   14.6557   52.5967   -3.4061 C   0  0  0  0  0  0  0  0  0  0  0  0
   13.7069   51.4989   -2.8753 C   0  0  0  0  0  0  0  0  0  0  0  0
   13.3868   50.3824   -3.8879 C   0  0  2  0  0  0  0  0  0  0  0  0
   14.4558   49.4158   -4.1255 N   0  0  0  0  0  0  0  0  0  0  0  0
   15.5690   49.9825   -4.8817 C   0  0  0  0  0  0  0  0  0  0  0  0
   15.2022   50.8627   -5.9845 N   0  0  0  0  0  0  0  0  0  0  0  0
   12.2173   51.6946   -4.8755 H   0  0  0  0  0  0  0  0  0  0  0  0
   13.7189   52.0572   -6.7056 H   0  0  0  0  0  0  0  0  0  0  0  0
   15.1996   53.5228   -5.2882 H   0  0  0  0  0  0  0  0  0  0  0  0
   13.5076   53.6467   -4.8940 H   0  0  0  0  0  0  0  0  0  0  0  0
   15.6915   52.2754   -3.3303 H   0  0  0  0  0  0  0  0  0  0  0  0
   14.5550   53.4943   -2.7975 H   0  0  0  0  0  0  0  0  0  0  0  0
   14.0027   51.0678   -1.9240 H   0  0  0  0  0  0  0  0  0  0  0  0
   12.7996   52.0101   -2.6137 H   0  0  0  0  0  0  0  0  0  0  0  0
   12.5526   49.8163   -3.4729 H   0  0  0  0  0  0  0  0  0  0  0  0
   14.7755   49.0437   -3.2446 H   0  0  0  0  0  0  0  0  0  0  0  0
   16.2660   50.4789   -4.2096 H   0  0  0  0  0  0  0  0  0  0  0  0
   16.1146   49.1580   -5.3316 H   0  0  0  0  0  0  0  0  0  0  0  0
   15.9928   51.4316   -6.2506 H   0  0  0  0  0  0  0  0  0  0  0  0
  1  2  1  0
  1  6  1  0
  1 10  1  0
  2  3  1  0
  2  9  1  0
  2 11  1  6
  3  4  1  0
  3 12  1  0
  3 13  1  0
  4  5  1  0
  4 14  1  0
  4 15  1  0
  5  6  1  0
  5 16  1  0
  5 17  1  0
  6  7  1  0
  6 18  1  1
  7  8  1  0
  7 19  1  0
  8  9  1  0
  8 20  1  0
  8 21  1  0
  9 22  1  0
M  END
"
test-3,"COc1cccc(NC[C@@H]([NH3+])O[S-])c1COCCNC=[N+](C)C
     RDKit          3D

 50 50  0  0  1  0  0  0  0  0999 V2000
    2.2847   12.3406   -7.0070 C   0  0  0  0  0  0  0  0  0  0  0  0
    3.4540   11.7609   -6.4247 O   0  0  0  0  0  0  0  0  0  0  0  0
    4.3020   12.6507   -5.6820 C   0  0  0  0  0  0  0  0  0  0  0  0
    5.1806   13.3175   -6.7328 C   0  0  0  0  0  0  0  0  0  0  0  0
    5.8694   14.5795   -6.5997 N   0  0  0  0  0  0  0  0  0  0  0  0
    5.5401   15.5892   -7.4297 C   0  0  0  0  0  0  0  0  0  0  0  0
    6.2745   16.6230   -7.8666 N   0  0  0  0  0  0  0  0  0  0  0  0
    7.6270   16.9064   -7.4549 C   0  0  0  0  0  0  0  0  0  0  0  0
    5.6381   17.6007   -8.7414 C   0  0  0  0  0  0  0  0  0  0  0  0
    2.0741   12.0005   -8.5013 C   0  0  0  0  0  0  0  0  0  0  0  0
    3.0259   12.2865   -9.5076 C   0  0  0  0  0  0  0  0  0  0  0  0
    2.6527   12.2890  -10.8460 C   0  0  0  0  0  0  0  0  0  0  0  0
    1.4547   11.7118  -11.2095 C   0  0  0  0  0  0  0  0  0  0  0  0
    0.5626   11.2718  -10.2558 C   0  0  0  0  0  0  0  0  0  0  0  0
    0.8282   11.4995   -8.9081 C   0  0  0  0  0  0  0  0  0  0  0  0
   -0.1605   11.2739   -7.9941 O   0  0  0  0  0  0  0  0  0  0  0  0
   -1.4010   11.8542   -8.3568 C   0  0  0  0  0  0  0  0  0  0  0  0
    4.3765   12.3696   -9.1870 N   0  0  0  0  0  0  0  0  0  0  0  0
    5.5083   12.4855  -10.0939 C   0  0  0  0  0  0  0  0  0  0  0  0
    5.7515   13.9421  -10.5774 C   0  0  1  0  0  0  0  0  0  0  0  0
    7.2491   14.2538  -10.6555 N   0  0  0  0  0  0  0  0  0  0  0  0
    5.2377   14.2725  -11.8538 O   0  0  0  0  0  0  0  0  0  0  0  0
    5.6380   13.2008  -13.1040 S   0  0  0  0  0  0  0  0  0  0  0  0
    1.4511   11.9998   -6.3932 H   0  0  0  0  0  0  0  0  0  0  0  0
    2.2741   13.4260   -6.9083 H   0  0  0  0  0  0  0  0  0  0  0  0
    3.7432   13.3473   -5.0553 H   0  0  0  0  0  0  0  0  0  0  0  0
    4.8978   12.0016   -5.0555 H   0  0  0  0  0  0  0  0  0  0  0  0
    5.8747   12.6213   -7.2036 H   0  0  0  0  0  0  0  0  0  0  0  0
    4.4458   13.6932   -7.4165 H   0  0  0  0  0  0  0  0  0  0  0  0
    6.7649   14.5930   -6.1263 H   0  0  0  0  0  0  0  0  0  0  0  0
    4.5541   15.5585   -7.8749 H   0  0  0  0  0  0  0  0  0  0  0  0
    8.0378   16.0009   -7.0248 H   0  0  0  0  0  0  0  0  0  0  0  0
    8.1316   17.2013   -8.3722 H   0  0  0  0  0  0  0  0  0  0  0  0
    7.6373   17.7241   -6.7333 H   0  0  0  0  0  0  0  0  0  0  0  0
    6.3627   18.3544   -9.0530 H   0  0  0  0  0  0  0  0  0  0  0  0
    5.2584   17.0748   -9.6157 H   0  0  0  0  0  0  0  0  0  0  0  0
    4.8166   18.0842   -8.2170 H   0  0  0  0  0  0  0  0  0  0  0  0
    3.3444   12.5489  -11.6293 H   0  0  0  0  0  0  0  0  0  0  0  0
    1.2379   11.6001  -12.2556 H   0  0  0  0  0  0  0  0  0  0  0  0
   -0.3621   10.8117  -10.5701 H   0  0  0  0  0  0  0  0  0  0  0  0
   -1.9621   12.0010   -7.4556 H   0  0  0  0  0  0  0  0  0  0  0  0
   -1.3042   12.8373   -8.8236 H   0  0  0  0  0  0  0  0  0  0  0  0
   -1.9619   11.2009   -9.0206 H   0  0  0  0  0  0  0  0  0  0  0  0
    4.5448   11.6601   -8.4847 H   0  0  0  0  0  0  0  0  0  0  0  0
    6.3681   12.1235   -9.5270 H   0  0  0  0  0  0  0  0  0  0  0  0
    5.4013   11.7748  -10.9114 H   0  0  0  0  0  0  0  0  0  0  0  0
    5.3940   14.6652   -9.8477 H   0  0  0  0  0  0  0  0  0  0  0  0
    7.6844   14.0405   -9.7497 H   0  0  0  0  0  0  0  0  0  0  0  0
    7.6546   13.6716  -11.3735 H   0  0  0  0  0  0  0  0  0  0  0  0
    7.3981   15.2201  -10.8991 H   0  0  0  0  0  0  0  0  0  0  0  0
  1  2  1  0
  1 10  1  0
  1 24  1  0
  1 25  1  0
  2  3  1  0
  3  4  1  0
  3 26  1  0
  3 27  1  0
  4  5  1  0
  4 28  1  0
  4 29  1  0
  5  6  1  0
  5 30  1  0
  6  7  2  3
  6 31  1  0
  7  8  1  0
  7  9  1  0
  8 32  1  0
  8 33  1  0
  8 34  1  0
  9 35  1  0
  9 36  1  0
  9 37  1  0
 10 11  2  0
 10 15  1  0
 11 12  1  0
 11 18  1  0
 12 13  2  0
 12 38  1  0
 13 14  1  0
 13 39  1  0
 14 15  2  0
 14 40  1  0
 15 16  1  0
 16 17  1  0
 17 41  1  0
 17 42  1  0
 17 43  1  0
 18 19  1  0
 18 44  1  0
 19 20  1  0
 19 45  1  0
 19 46  1  0
 20 21  1  0
 20 22  1  0
 20 47  1  1
 21 48  1  0
 21 49  1  0
 21 50  1  0
 22 23  1  0
M  CHG  3   7   1  21   1  23  -1
M  END
"
test-4,"Cc1ccc(O[C@H]2OC(COS(C)(=O)=O)[NH2+]O[C@H]2C[NH3+])cc1
     RDKit          3D

 44 45  0  0  1  0  0  0  0  0999 V2000
   53.3328   59.0454   20.9979 O   0  0  0  0  0  0  0  0  0  0  0  0
   53.8648   57.6907   21.1499 S   0  0  0  0  0  0  0  0  0  0  0  0
   54.3480   57.4318   22.9458 C   0  0  0  0  0  0  0  0  0  0  0  0
   54.9302   57.1855   20.2857 O   0  0  0  0  0  0  0  0  0  0  0  0
   52.6089   56.5988   21.0810 O   0  0  0  0  0  0  0  0  0  0  0  0
   51.4286   56.9212   21.7932 C   0  0  0  0  0  0  0  0  0  0  0  0
   50.7205   55.6425   22.2683 C   0  0  1  0  0  0  0  0  0  0  0  0
   49.8850   54.9792   21.3185 O   0  0  0  0  0  0  0  0  0  0  0  0
   50.6081   54.2110   20.3954 C   0  0  1  0  0  0  0  0  0  0  0  0
   51.3521   53.0384   21.1405 C   0  0  1  0  0  0  0  0  0  0  0  0
   51.3778   53.2540   22.5717 O   0  0  0  0  0  0  0  0  0  0  0  0
   51.7335   54.6363   22.8412 N   0  0  0  0  0  0  0  0  0  0  0  0
   50.7848   51.6299   20.7566 C   0  0  0  0  0  0  0  0  0  0  0  0
   51.4177   50.4242   21.4763 N   0  0  0  0  0  0  0  0  0  0  0  0
   49.7369   53.6599   19.4567 O   0  0  0  0  0  0  0  0  0  0  0  0
   49.1622   54.4540   18.4897 C   0  0  0  0  0  0  0  0  0  0  0  0
   49.0718   55.8543   18.5487 C   0  0  0  0  0  0  0  0  0  0  0  0
   48.5328   56.5641   17.4780 C   0  0  0  0  0  0  0  0  0  0  0  0
   48.1049   55.8833   16.3399 C   0  0  0  0  0  0  0  0  0  0  0  0
   48.1318   54.4880   16.3142 C   0  0  0  0  0  0  0  0  0  0  0  0
   48.6484   53.7782   17.3886 C   0  0  0  0  0  0  0  0  0  0  0  0
   47.5572   56.6636   15.1581 C   0  0  0  0  0  0  0  0  0  0  0  0
   54.1321   58.3568   23.4792 H   0  0  0  0  0  0  0  0  0  0  0  0
   53.7465   56.6461   23.3979 H   0  0  0  0  0  0  0  0  0  0  0  0
   55.4138   57.2225   22.9982 H   0  0  0  0  0  0  0  0  0  0  0  0
   51.6434   57.5580   22.6560 H   0  0  0  0  0  0  0  0  0  0  0  0
   50.7668   57.5110   21.1570 H   0  0  0  0  0  0  0  0  0  0  0  0
   50.1329   55.9196   23.1280 H   0  0  0  0  0  0  0  0  0  0  0  0
   51.2984   54.8843   19.8772 H   0  0  0  0  0  0  0  0  0  0  0  0
   52.3868   53.0740   20.7907 H   0  0  0  0  0  0  0  0  0  0  0  0
   51.8285   54.7873   23.8360 H   0  0  0  0  0  0  0  0  0  0  0  0
   52.6342   54.8228   22.4225 H   0  0  0  0  0  0  0  0  0  0  0  0
   50.8987   51.4031   19.6937 H   0  0  0  0  0  0  0  0  0  0  0  0
   49.7332   51.5537   21.0088 H   0  0  0  0  0  0  0  0  0  0  0  0
   51.3359   50.4944   22.4862 H   0  0  0  0  0  0  0  0  0  0  0  0
   50.9471   49.5691   21.2065 H   0  0  0  0  0  0  0  0  0  0  0  0
   52.3906   50.2960   21.2566 H   0  0  0  0  0  0  0  0  0  0  0  0
   49.4249   56.4082   19.4033 H   0  0  0  0  0  0  0  0  0  0  0  0
   48.4767   57.6422   17.5232 H   0  0  0  0  0  0  0  0  0  0  0  0
   47.7462   53.9358   15.4763 H   0  0  0  0  0  0  0  0  0  0  0  0
   48.6845   52.6990   17.3487 H   0  0  0  0  0  0  0  0  0  0  0  0
   46.6996   57.2626   15.4683 H   0  0  0  0  0  0  0  0  0  0  0  0
   48.3120   57.3529   14.7757 H   0  0  0  0  0  0  0  0  0  0  0  0
   47.2404   56.0142   14.3402 H   0  0  0  0  0  0  0  0  0  0  0  0
  1  2  2  0
  2  3  1  0
  2  4  2  0
  2  5  1  0
  3 23  1  0
  3 24  1  0
  3 25  1  0
  5  6  1  0
  6  7  1  0
  6 26  1  0
  6 27  1  0
  7  8  1  0
  7 12  1  0
  7 28  1  1
  8  9  1  0
  9 10  1  0
  9 15  1  0
  9 29  1  6
 10 11  1  0
 10 13  1  0
 10 30  1  6
 11 12  1  0
 12 31  1  0
 12 32  1  0
 13 14  1  0
 13 33  1  0
 13 34  1  0
 14 35  1  0
 14 36  1  0
 14 37  1  0
 15 16  1  0
 16 17  2  0
 16 21  1  0
 17 18  1  0
 17 38  1  0
 18 19  2  0
 18 39  1  0
 19 20  1  0
 19 22  1  0
 20 21  2  0
 20 40  1  0
 21 41  1  0
 22 42  1  0
 22 43  1  0
 22 44  1  0
M  CHG  2  12   1  14   1
M  END
"
test-5,"C=[NH+]CCSc1n[nH]c2c(C(=O)[N-]C(=O)C(C)=N)[nH]c(C(=O)N3CONN3)c12
     RDKit          3D

 45 47  0  0  1  0  0  0  0  0999 V2000
   28.1608  -56.5612   -2.3818 O   0  0  0  0  0  0  0  0  0  0  0  0
   27.1800  -56.3316   -1.6709 C   0  0  0  0  0  0  0  0  0  0  0  0
   26.0303  -55.7612   -2.0110 N   0  0  0  0  0  0  0  0  0  0  0  0
   25.8822  -55.1116   -3.1693 C   0  0  0  0  0  0  0  0  0  0  0  0
   26.7723  -54.8630   -3.9818 O   0  0  0  0  0  0  0  0  0  0  0  0
   24.5701  -54.5802   -3.5617 C   0  0  0  0  0  0  0  0  0  0  0  0
   24.5087  -53.1152   -3.9818 C   0  0  0  0  0  0  0  0  0  0  0  0
   23.5723  -55.3612   -3.5818 N   0  0  0  0  0  0  0  0  0  0  0  0
   27.3420  -56.7333   -0.3061 C   0  0  0  0  0  0  0  0  0  0  0  0
   26.5784  -56.2723    0.7432 N   0  0  0  0  0  0  0  0  0  0  0  0
   26.9230  -56.8192    1.9676 C   0  0  0  0  0  0  0  0  0  0  0  0
   28.0604  -57.6447    1.6849 C   0  0  0  0  0  0  0  0  0  0  0  0
   29.0832  -58.5040    2.1865 C   0  0  0  0  0  0  0  0  0  0  0  0
   29.8779  -58.8929    1.2165 N   0  0  0  0  0  0  0  0  0  0  0  0
   29.3925  -58.3742    0.0703 N   0  0  0  0  0  0  0  0  0  0  0  0
   28.3061  -57.5872    0.3090 C   0  0  0  0  0  0  0  0  0  0  0  0
   29.2673  -58.9695    3.8784 S   0  0  0  0  0  0  0  0  0  0  0  0
   30.7949  -59.9531    3.8902 C   0  0  0  0  0  0  0  0  0  0  0  0
   30.7906  -61.2431    3.0363 C   0  0  0  0  0  0  0  0  0  0  0  0
   31.9505  -62.1612    3.2182 N   0  0  0  0  0  0  0  0  0  0  0  0
   32.9282  -62.0539    4.1046 C   0  0  0  0  0  0  0  0  0  0  0  0
   26.3158  -56.4935    3.2431 C   0  0  0  0  0  0  0  0  0  0  0  0
   26.9966  -56.5611    4.2681 O   0  0  0  0  0  0  0  0  0  0  0  0
   25.0006  -56.1612    3.2867 N   0  0  0  0  0  0  0  0  0  0  0  0
   24.2773  -55.7164    4.4746 C   0  0  0  0  0  0  0  0  0  0  0  0
   23.1723  -54.9612    4.0182 O   0  0  0  0  0  0  0  0  0  0  0  0
   22.9644  -55.3612    2.6803 N   0  0  0  0  0  0  0  0  0  0  0  0
   24.2551  -55.6738    2.2256 N   0  0  0  0  0  0  0  0  0  0  0  0
   24.8548  -52.4609   -3.1818 H   0  0  0  0  0  0  0  0  0  0  0  0
   25.1394  -52.9277   -4.8515 H   0  0  0  0  0  0  0  0  0  0  0  0
   23.4925  -52.8119   -4.2361 H   0  0  0  0  0  0  0  0  0  0  0  0
   22.7311  -54.8965   -3.8920 H   0  0  0  0  0  0  0  0  0  0  0  0
   25.8289  -55.6048    0.6146 H   0  0  0  0  0  0  0  0  0  0  0  0
   29.8374  -58.5831   -0.8150 H   0  0  0  0  0  0  0  0  0  0  0  0
   31.6233  -59.3066    3.5981 H   0  0  0  0  0  0  0  0  0  0  0  0
   30.9424  -60.2055    4.9407 H   0  0  0  0  0  0  0  0  0  0  0  0
   29.9079  -61.8527    3.2182 H   0  0  0  0  0  0  0  0  0  0  0  0
   30.7940  -61.0241    1.9712 H   0  0  0  0  0  0  0  0  0  0  0  0
   31.9723  -62.9612    2.5628 H   0  0  0  0  0  0  0  0  0  0  0  0
   33.6958  -62.8127    4.0991 H   0  0  0  0  0  0  0  0  0  0  0  0
   32.9407  -61.2325    4.8022 H   0  0  0  0  0  0  0  0  0  0  0  0
   23.9171  -56.5612    5.0561 H   0  0  0  0  0  0  0  0  0  0  0  0
   24.8947  -55.0981    5.1264 H   0  0  0  0  0  0  0  0  0  0  0  0
   22.4950  -56.2518    2.7777 H   0  0  0  0  0  0  0  0  0  0  0  0
   24.1185  -56.4468    1.5880 H   0  0  0  0  0  0  0  0  0  0  0  0
  1  2  2  0
  2  3  1  0
  2  9  1  0
  3  4  1  0
  4  5  2  0
  4  6  1  0
  6  7  1  0
  6  8  2  3
  7 29  1  0
  7 30  1  0
  7 31  1  0
  8 32  1  0
  9 10  1  0
  9 16  2  0
 10 11  1  0
 10 33  1  0
 11 12  2  0
 11 22  1  0
 12 13  1  0
 12 16  1  0
 13 14  2  0
 13 17  1  0
 14 15  1  0
 15 16  1  0
 15 34  1  0
 17 18  1  0
 18 19  1  0
 18 35  1  0
 18 36  1  0
 19 20  1  0
 19 37  1  0
 19 38  1  0
 20 21  2  0
 20 39  1  0
 21 40  1  0
 21 41  1  0
 22 23  2  0
 22 24  1  0
 24 25  1  0
 24 28  1  0
 25 26  1  0
 25 42  1  0
 25 43  1  0
 26 27  1  0
 27 28  1  0
 27 44  1  0
 28 45  1  0
M  CHG  2   3  -1  20   1
M  END
"
test-6,"C=CC[NH2+][C@H]1Nc2ccc(OC(=O)OC3CCC[NH+](Cc4cccc(Cl)c4)CC3)cc2O1
     RDKit          3D

 62 65  0  0  1  0  0  0  0  0999 V2000
   -0.4858   26.5063   69.1824 C   0  0  0  0  0  0  0  0  0  0  0  0
   -1.5844   25.6542   69.3307 C   0  0  0  0  0  0  0  0  0  0  0  0
   -1.3513   24.3159   69.6240 C   0  0  0  0  0  0  0  0  0  0  0  0
   -0.0693   23.8934   69.8643 C   0  0  0  0  0  0  0  0  0  0  0  0
    1.0415   24.7259   69.7337 C   0  0  0  0  0  0  0  0  0  0  0  0
    0.8321   26.0361   69.2849 C   0  0  0  0  0  0  0  0  0  0  0  0
   -0.0877   22.5639   70.1307 O   0  0  0  0  0  0  0  0  0  0  0  0
   -1.3033   22.1124   69.6247 C   0  0  2  0  0  0  0  0  0  0  0  0
   -2.2061   23.2198   69.7095 N   0  0  0  0  0  0  0  0  0  0  0  0
   -1.6846   20.9323   70.5339 N   0  0  0  0  0  0  0  0  0  0  0  0
   -1.8465   19.6090   69.7730 C   0  0  0  0  0  0  0  0  0  0  0  0
   -2.2791   18.4864   70.6923 C   0  0  0  0  0  0  0  0  0  0  0  0
   -1.5202   17.4239   71.0060 C   0  0  0  0  0  0  0  0  0  0  0  0
    1.9149   26.8344   68.9464 O   0  0  0  0  0  0  0  0  0  0  0  0
    1.9016   27.7199   67.8755 C   0  0  0  0  0  0  0  0  0  0  0  0
    2.7006   28.6316   67.7339 O   0  0  0  0  0  0  0  0  0  0  0  0
    0.9226   27.4306   66.9743 O   0  0  0  0  0  0  0  0  0  0  0  0
    0.5482   28.2968   65.8986 C   0  0  1  0  0  0  0  0  0  0  0  0
    0.1357   29.7308   66.3533 C   0  0  0  0  0  0  0  0  0  0  0  0
    0.2166   30.8371   65.2764 C   0  0  0  0  0  0  0  0  0  0  0  0
   -0.6225   30.6294   64.0067 C   0  0  0  0  0  0  0  0  0  0  0  0
   -0.5121   29.1997   63.4357 N   0  0  2  0  0  0  0  0  0  0  0  0
    0.9247   28.6104   63.3441 C   0  0  0  0  0  0  0  0  0  0  0  0
    1.5487   28.2744   64.7202 C   0  0  0  0  0  0  0  0  0  0  0  0
   -1.3517   29.0082   62.1540 C   0  0  0  0  0  0  0  0  0  0  0  0
   -1.6640   27.5400   61.9387 C   0  0  0  0  0  0  0  0  0  0  0  0
   -0.9217   26.7817   61.0278 C   0  0  0  0  0  0  0  0  0  0  0  0
   -1.1329   25.4094   60.9244 C   0  0  0  0  0  0  0  0  0  0  0  0
   -2.0847   24.7954   61.7341 C   0  0  0  0  0  0  0  0  0  0  0  0
   -2.8567   25.5481   62.6161 C   0  0  0  0  0  0  0  0  0  0  0  0
   -2.6543   26.9234   62.7114 C   0  0  0  0  0  0  0  0  0  0  0  0
   -4.0419   24.7729   63.6017 Cl  0  0  0  0  0  0  0  0  0  0  0  0
   -0.6464   27.5334   68.9049 H   0  0  0  0  0  0  0  0  0  0  0  0
   -2.5856   26.0269   69.1732 H   0  0  0  0  0  0  0  0  0  0  0  0
    2.0442   24.3605   69.8893 H   0  0  0  0  0  0  0  0  0  0  0  0
   -1.1989   21.7315   68.6098 H   0  0  0  0  0  0  0  0  0  0  0  0
   -3.0737   23.1268   69.1990 H   0  0  0  0  0  0  0  0  0  0  0  0
   -2.5396   21.1356   71.0294 H   0  0  0  0  0  0  0  0  0  0  0  0
   -0.9657   20.8075   71.2330 H   0  0  0  0  0  0  0  0  0  0  0  0
   -2.5808   19.7827   68.9825 H   0  0  0  0  0  0  0  0  0  0  0  0
   -0.8669   19.4171   69.3314 H   0  0  0  0  0  0  0  0  0  0  0  0
   -3.2759   18.5576   71.1049 H   0  0  0  0  0  0  0  0  0  0  0  0
   -1.8880   16.6498   71.6645 H   0  0  0  0  0  0  0  0  0  0  0  0
   -0.5209   17.3055   70.6118 H   0  0  0  0  0  0  0  0  0  0  0  0
   -0.3645   27.7999   65.5684 H   0  0  0  0  0  0  0  0  0  0  0  0
   -0.8843   29.6853   66.7175 H   0  0  0  0  0  0  0  0  0  0  0  0
    0.7244   30.0694   67.2051 H   0  0  0  0  0  0  0  0  0  0  0  0
   -0.0819   31.7777   65.7315 H   0  0  0  0  0  0  0  0  0  0  0  0
    1.2544   30.9832   64.9832 H   0  0  0  0  0  0  0  0  0  0  0  0
   -1.6854   30.7667   64.2151 H   0  0  0  0  0  0  0  0  0  0  0  0
   -0.3279   31.3079   63.2036 H   0  0  0  0  0  0  0  0  0  0  0  0
   -0.9824   28.6136   64.1115 H   0  0  0  0  0  0  0  0  0  0  0  0
    0.8229   27.6734   62.7999 H   0  0  0  0  0  0  0  0  0  0  0  0
    1.5152   29.2914   62.7316 H   0  0  0  0  0  0  0  0  0  0  0  0
    2.0104   27.2912   64.6563 H   0  0  0  0  0  0  0  0  0  0  0  0
    2.3823   28.9447   64.9355 H   0  0  0  0  0  0  0  0  0  0  0  0
   -2.2750   29.5765   62.2920 H   0  0  0  0  0  0  0  0  0  0  0  0
   -0.7824   29.4593   61.3418 H   0  0  0  0  0  0  0  0  0  0  0  0
   -0.1454   27.2410   60.4370 H   0  0  0  0  0  0  0  0  0  0  0  0
   -0.5458   24.8199   60.2348 H   0  0  0  0  0  0  0  0  0  0  0  0
   -2.2278   23.7311   61.6803 H   0  0  0  0  0  0  0  0  0  0  0  0
   -3.2407   27.4989   63.4134 H   0  0  0  0  0  0  0  0  0  0  0  0
  1  2  2  0
  1  6  1  0
  1 33  1  0
  2  3  1  0
  2 34  1  0
  3  4  2  0
  3  9  1  0
  4  5  1  0
  4  7  1  0
  5  6  2  0
  5 35  1  0
  6 14  1  0
  7  8  1  0
  8  9  1  0
  8 10  1  0
  8 36  1  6
  9 37  1  0
 10 11  1  0
 10 38  1  0
 10 39  1  0
 11 12  1  0
 11 40  1  0
 11 41  1  0
 12 13  2  0
 12 42  1  0
 13 43  1  0
 13 44  1  0
 14 15  1  0
 15 16  2  0
 15 17  1  0
 17 18  1  0
 18 19  1  0
 18 24  1  0
 18 45  1  6
 19 20  1  0
 19 46  1  0
 19 47  1  0
 20 21  1  0
 20 48  1  0
 20 49  1  0
 21 22  1  0
 21 50  1  0
 21 51  1  0
 22 23  1  0
 22 25  1  0
 22 52  1  1
 23 24  1  0
 23 53  1  0
 23 54  1  0
 24 55  1  0
 24 56  1  0
 25 26  1  0
 25 57  1  0
 25 58  1  0
 26 27  2  0
 26 31  1  0
 27 28  1  0
 27 59  1  0
 28 29  2  0
 28 60  1  0
 29 30  1  0
 29 61  1  0
 30 31  2  0
 30 32  1  0
 31 62  1  0
M  CHG  2  10   1  22   1
M  END
"
test-7,"CCC(O)(CC)c1ccn2c(SCCNc3nnn(SC(F)(Cl)[C@@H](C)[O-])n3)nnc2c1
     RDKit          3D

 54 56  0  0  1  0  0  0  0  0999 V2000
   11.7921   40.2750   21.0349 F   0  0  0  0  0  0  0  0  0  0  0  0
   11.3282   41.3074   21.7503 C   0  0  1  0  0  0  0  0  0  0  0  0
   12.6038   41.7363   22.9362 Cl  0  0  0  0  0  0  0  0  0  0  0  0
   11.0177   42.5363   20.8276 C   0  0  1  0  0  0  0  0  0  0  0  0
   10.5606   43.7718   21.6272 C   0  0  0  0  0  0  0  0  0  0  0  0
   11.9997   42.8840   19.8916 O   0  0  0  0  0  0  0  0  0  0  0  0
    9.8184   40.7418   22.6074 S   0  0  0  0  0  0  0  0  0  0  0  0
   10.4381   39.5767   23.7763 N   0  0  0  0  0  0  0  0  0  0  0  0
   10.3100   39.7725   25.0862 N   0  0  0  0  0  0  0  0  0  0  0  0
   10.8939   38.7113   25.5801 C   0  0  0  0  0  0  0  0  0  0  0  0
   11.3432   37.8524   24.6857 N   0  0  0  0  0  0  0  0  0  0  0  0
   11.0176   38.4139   23.4657 N   0  0  0  0  0  0  0  0  0  0  0  0
   10.9912   38.5738   26.9300 N   0  0  0  0  0  0  0  0  0  0  0  0
   11.9706   37.8589   27.7206 C   0  0  0  0  0  0  0  0  0  0  0  0
   11.7392   38.1615   29.2080 C   0  0  0  0  0  0  0  0  0  0  0  0
   12.7680   37.2640   30.3811 S   0  0  0  0  0  0  0  0  0  0  0  0
   14.3810   37.8802   30.0317 C   0  0  0  0  0  0  0  0  0  0  0  0
   15.1842   37.4061   29.1013 N   0  0  0  0  0  0  0  0  0  0  0  0
   16.4892   37.7626   29.4072 N   0  0  0  0  0  0  0  0  0  0  0  0
   16.4418   38.4833   30.5502 C   0  0  0  0  0  0  0  0  0  0  0  0
   17.4478   38.9720   31.4069 C   0  0  0  0  0  0  0  0  0  0  0  0
   17.0893   39.6897   32.5683 C   0  0  0  0  0  0  0  0  0  0  0  0
   15.7292   39.8787   32.8552 C   0  0  0  0  0  0  0  0  0  0  0  0
   14.7404   39.3719   32.0190 C   0  0  0  0  0  0  0  0  0  0  0  0
   15.1008   38.6676   30.9053 N   0  0  0  0  0  0  0  0  0  0  0  0
   18.1765   40.1993   33.5507 C   0  0  0  0  0  0  0  0  0  0  0  0
   19.3810   40.5496   32.9014 O   0  0  0  0  0  0  0  0  0  0  0  0
   18.5718   39.0349   34.4949 C   0  0  0  0  0  0  0  0  0  0  0  0
   19.6893   39.3329   35.5204 C   0  0  0  0  0  0  0  0  0  0  0  0
   17.7735   41.4895   34.3430 C   0  0  0  0  0  0  0  0  0  0  0  0
   17.2577   42.6892   33.5224 C   0  0  0  0  0  0  0  0  0  0  0  0
   10.1287   42.2347   20.2696 H   0  0  0  0  0  0  0  0  0  0  0  0
    9.7389   43.5501   22.3064 H   0  0  0  0  0  0  0  0  0  0  0  0
   11.3825   44.1719   22.2207 H   0  0  0  0  0  0  0  0  0  0  0  0
   10.2180   44.5718   20.9690 H   0  0  0  0  0  0  0  0  0  0  0  0
   10.4199   39.1794   27.5003 H   0  0  0  0  0  0  0  0  0  0  0  0
   11.8793   36.7885   27.5330 H   0  0  0  0  0  0  0  0  0  0  0  0
   12.9733   38.1682   27.4224 H   0  0  0  0  0  0  0  0  0  0  0  0
   11.8263   39.2253   29.4189 H   0  0  0  0  0  0  0  0  0  0  0  0
   10.7115   37.9005   29.4648 H   0  0  0  0  0  0  0  0  0  0  0  0
   18.4838   38.8004   31.1598 H   0  0  0  0  0  0  0  0  0  0  0  0
   15.4189   40.4006   33.7474 H   0  0  0  0  0  0  0  0  0  0  0  0
   13.6829   39.4524   32.2069 H   0  0  0  0  0  0  0  0  0  0  0  0
   19.8493   39.7444   32.6748 H   0  0  0  0  0  0  0  0  0  0  0  0
   17.6746   38.6974   35.0071 H   0  0  0  0  0  0  0  0  0  0  0  0
   18.8826   38.1717   33.9031 H   0  0  0  0  0  0  0  0  0  0  0  0
   19.8178   38.4921   36.1998 H   0  0  0  0  0  0  0  0  0  0  0  0
   20.6480   39.5227   35.0377 H   0  0  0  0  0  0  0  0  0  0  0  0
   19.4556   40.1940   36.1451 H   0  0  0  0  0  0  0  0  0  0  0  0
   17.0254   41.2469   35.0946 H   0  0  0  0  0  0  0  0  0  0  0  0
   18.6301   41.8483   34.9156 H   0  0  0  0  0  0  0  0  0  0  0  0
   17.3409   43.6135   34.0945 H   0  0  0  0  0  0  0  0  0  0  0  0
   17.8180   42.8394   32.6072 H   0  0  0  0  0  0  0  0  0  0  0  0
   16.2134   42.5685   33.2431 H   0  0  0  0  0  0  0  0  0  0  0  0
  2  1  1  6
  2  3  1  0
  2  4  1  0
  2  7  1  0
  4  5  1  0
  4  6  1  0
  4 32  1  6
  5 33  1  0
  5 34  1  0
  5 35  1  0
  7  8  1  0
  8  9  1  0
  8 12  1  0
  9 10  2  0
 10 11  1  0
 10 13  1  0
 11 12  2  0
 13 14  1  0
 13 36  1  0
 14 15  1  0
 14 37  1  0
 14 38  1  0
 15 16  1  0
 15 39  1  0
 15 40  1  0
 16 17  1  0
 17 18  2  0
 17 25  1  0
 18 19  1  0
 19 20  2  0
 20 21  1  0
 20 25  1  0
 21 22  2  0
 21 41  1  0
 22 23  1  0
 22 26  1  0
 23 24  2  0
 23 42  1  0
 24 25  1  0
 24 43  1  0
 26 27  1  0
 26 28  1  0
 26 30  1  0
 27 44  1  0
 28 29  1  0
 28 45  1  0
 28 46  1  0
 29 47  1  0
 29 48  1  0
 29 49  1  0
 30 31  1  0
 30 50  1  0
 30 51  1  0
 31 52  1  0
 31 53  1  0
 31 54  1  0
M  CHG  1   6  -1
M  END
"
test-8,"CC[NH+](CC#N)C[C@@H](C)Nc1cc(Cl)cc2ncnc(NC)c12
     RDKit          3D

 45 46  0  0  1  0  0  0  0  0999 V2000
   25.1407   35.5445   82.4285 N   0  0  0  0  0  0  0  0  0  0  0  0
   23.8292   35.3724   82.6915 C   0  0  0  0  0  0  0  0  0  0  0  0
   23.1006   36.0370   83.6073 N   0  0  0  0  0  0  0  0  0  0  0  0
   23.7330   37.0018   84.3238 C   0  0  0  0  0  0  0  0  0  0  0  0
   25.1314   37.3127   84.1382 C   0  0  0  0  0  0  0  0  0  0  0  0
   25.9021   38.3282   84.8254 C   0  0  0  0  0  0  0  0  0  0  0  0
   27.2466   38.4962   84.4674 C   0  0  0  0  0  0  0  0  0  0  0  0
   27.8594   37.7075   83.5044 C   0  0  0  0  0  0  0  0  0  0  0  0
   27.1433   36.7286   82.8339 C   0  0  0  0  0  0  0  0  0  0  0  0
   25.7833   36.5165   83.1347 C   0  0  0  0  0  0  0  0  0  0  0  0
   29.5311   37.9392   83.1480 Cl  0  0  0  0  0  0  0  0  0  0  0  0
   25.3411   39.1306   85.8471 N   0  0  0  0  0  0  0  0  0  0  0  0
   25.9547   40.3458   86.3886 C   0  0  2  0  0  0  0  0  0  0  0  0
   26.9107   39.9927   87.5451 C   0  0  0  0  0  0  0  0  0  0  0  0
   24.8986   41.3955   86.8527 C   0  0  0  0  0  0  0  0  0  0  0  0
   24.0530   42.0740   85.7305 N   0  0  1  0  0  0  0  0  0  0  0  0
   24.6579   43.3788   85.1428 C   0  0  0  0  0  0  0  0  0  0  0  0
   25.7190   43.1148   84.0617 C   0  0  0  0  0  0  0  0  0  0  0  0
   23.4754   41.0849   84.6912 C   0  0  0  0  0  0  0  0  0  0  0  0
   22.7100   41.7850   83.6562 C   0  0  0  0  0  0  0  0  0  0  0  0
   22.1153   42.3300   82.8352 N   0  0  0  0  0  0  0  0  0  0  0  0
   22.9326   37.7028   85.2450 N   0  0  0  0  0  0  0  0  0  0  0  0
   21.4967   37.4710   85.3815 C   0  0  0  0  0  0  0  0  0  0  0  0
   23.3088   34.6184   82.1176 H   0  0  0  0  0  0  0  0  0  0  0  0
   27.8636   39.2328   84.9572 H   0  0  0  0  0  0  0  0  0  0  0  0
   27.6244   36.1205   82.0790 H   0  0  0  0  0  0  0  0  0  0  0  0
   24.7206   38.6412   86.4764 H   0  0  0  0  0  0  0  0  0  0  0  0
   26.5575   40.8084   85.6096 H   0  0  0  0  0  0  0  0  0  0  0  0
   26.3815   39.5312   88.3790 H   0  0  0  0  0  0  0  0  0  0  0  0
   27.6866   39.2920   87.2350 H   0  0  0  0  0  0  0  0  0  0  0  0
   27.4214   40.8784   87.9242 H   0  0  0  0  0  0  0  0  0  0  0  0
   24.1515   40.9344   87.5010 H   0  0  0  0  0  0  0  0  0  0  0  0
   25.3485   42.2152   87.4154 H   0  0  0  0  0  0  0  0  0  0  0  0
   23.2314   42.4079   86.2225 H   0  0  0  0  0  0  0  0  0  0  0  0
   23.8037   43.9274   84.7376 H   0  0  0  0  0  0  0  0  0  0  0  0
   25.0431   43.9602   85.9821 H   0  0  0  0  0  0  0  0  0  0  0  0
   26.5972   42.6046   84.4521 H   0  0  0  0  0  0  0  0  0  0  0  0
   25.3160   42.5319   83.2339 H   0  0  0  0  0  0  0  0  0  0  0  0
   26.0701   44.0585   83.6411 H   0  0  0  0  0  0  0  0  0  0  0  0
   24.3134   40.5956   84.2006 H   0  0  0  0  0  0  0  0  0  0  0  0
   22.8486   40.3807   85.2360 H   0  0  0  0  0  0  0  0  0  0  0  0
   23.3074   38.5667   85.6048 H   0  0  0  0  0  0  0  0  0  0  0  0
   21.0946   38.0570   86.2081 H   0  0  0  0  0  0  0  0  0  0  0  0
   20.9702   37.7599   84.4708 H   0  0  0  0  0  0  0  0  0  0  0  0
   21.2858   36.4191   85.5816 H   0  0  0  0  0  0  0  0  0  0  0  0
  1  2  2  0
  1 10  1  0
  2  3  1  0
  2 24  1  0
  3  4  2  0
  4  5  1  0
  4 22  1  0
  5  6  1  0
  5 10  2  0
  6  7  2  0
  6 12  1  0
  7  8  1  0
  7 25  1  0
  8  9  2  0
  8 11  1  0
  9 10  1  0
  9 26  1  0
 12 13  1  0
 12 27  1  0
 13 14  1  0
 13 15  1  0
 13 28  1  6
 14 29  1  0
 14 30  1  0
 14 31  1  0
 15 16  1  0
 15 32  1  0
 15 33  1  0
 16 17  1  0
 16 19  1  0
 16 34  1  1
 17 18  1  0
 17 35  1  0
 17 36  1  0
 18 37  1  0
 18 38  1  0
 18 39  1  0
 19 20  1  0
 19 40  1  0
 19 41  1  0
 20 21  3  0
 22 23  1  0
 22 42  1  0
 23 43  1  0
 23 44  1  0
 23 45  1  0
M  CHG  1  16   1
M  END
"
test-9,"Nc1c(N2CCOCC2)nsc1OCc1ccncc1
     RDKit          3D

 36 38  0  0  1  0  0  0  0  0999 V2000
    0.5877  136.4023   15.2838 N   0  0  0  0  0  0  0  0  0  0  0  0
    0.0487  137.2212   16.2244 C   0  0  0  0  0  0  0  0  0  0  0  0
   -0.4094  136.7594   17.4609 C   0  0  0  0  0  0  0  0  0  0  0  0
   -0.3097  135.3904   17.7481 C   0  0  0  0  0  0  0  0  0  0  0  0
    0.2382  134.5381   16.7836 C   0  0  0  0  0  0  0  0  0  0  0  0
    0.6674  135.0793   15.5757 C   0  0  0  0  0  0  0  0  0  0  0  0
   -0.7881  134.7950   19.0656 C   0  0  0  0  0  0  0  0  0  0  0  0
   -0.9439  135.8062   20.0574 O   0  0  0  0  0  0  0  0  0  0  0  0
   -1.3189  135.3239   21.2873 C   0  0  0  0  0  0  0  0  0  0  0  0
   -0.2678  134.2848   22.1970 S   0  0  0  0  0  0  0  0  0  0  0  0
   -1.3374  134.2158   23.5324 N   0  0  0  0  0  0  0  0  0  0  0  0
   -2.4060  134.9444   23.2529 C   0  0  0  0  0  0  0  0  0  0  0  0
   -2.4612  135.6048   22.0071 C   0  0  0  0  0  0  0  0  0  0  0  0
   -3.4811  136.4023   21.5488 N   0  0  0  0  0  0  0  0  0  0  0  0
   -3.4092  134.9849   24.1759 N   0  0  0  0  0  0  0  0  0  0  0  0
   -3.3142  135.7858   25.4052 C   0  0  0  0  0  0  0  0  0  0  0  0
   -4.5886  135.6790   26.2775 C   0  0  0  0  0  0  0  0  0  0  0  0
   -4.8896  134.3285   26.6369 O   0  0  0  0  0  0  0  0  0  0  0  0
   -4.5325  133.3265   25.6779 C   0  0  0  0  0  0  0  0  0  0  0  0
   -4.3783  133.8866   24.2489 C   0  0  0  0  0  0  0  0  0  0  0  0
   -0.0187  138.2709   15.9704 H   0  0  0  0  0  0  0  0  0  0  0  0
   -0.8383  137.4511   18.1740 H   0  0  0  0  0  0  0  0  0  0  0  0
    0.3238  133.4767   16.9642 H   0  0  0  0  0  0  0  0  0  0  0  0
    1.0776  134.4372   14.8112 H   0  0  0  0  0  0  0  0  0  0  0  0
   -0.0498  134.0540   19.3774 H   0  0  0  0  0  0  0  0  0  0  0  0
   -1.7395  134.2941   18.8817 H   0  0  0  0  0  0  0  0  0  0  0  0
   -3.4514  136.8223   20.6301 H   0  0  0  0  0  0  0  0  0  0  0  0
   -4.3517  136.4987   22.0541 H   0  0  0  0  0  0  0  0  0  0  0  0
   -2.4532  135.4545   25.9874 H   0  0  0  0  0  0  0  0  0  0  0  0
   -3.1493  136.8300   25.1363 H   0  0  0  0  0  0  0  0  0  0  0  0
   -4.4572  136.2562   27.1927 H   0  0  0  0  0  0  0  0  0  0  0  0
   -5.4466  136.1093   25.7605 H   0  0  0  0  0  0  0  0  0  0  0  0
   -3.6114  132.8376   25.9967 H   0  0  0  0  0  0  0  0  0  0  0  0
   -5.2999  132.5517   25.6844 H   0  0  0  0  0  0  0  0  0  0  0  0
   -4.0456  133.0861   23.5870 H   0  0  0  0  0  0  0  0  0  0  0  0
   -5.3328  134.2192   23.8488 H   0  0  0  0  0  0  0  0  0  0  0  0
  1  2  2  0
  1  6  1  0
  2  3  1  0
  2 21  1  0
  3  4  2  0
  3 22  1  0
  4  5  1  0
  4  7  1  0
  5  6  2  0
  5 23  1  0
  6 24  1  0
  7  8  1  0
  7 25  1  0
  7 26  1  0
  8  9  1  0
  9 10  1  0
  9 13  2  0
 10 11  1  0
 11 12  2  0
 12 13  1  0
 12 15  1  0
 13 14  1  0
 14 27  1  0
 14 28  1  0
 15 16  1  0
 15 20  1  0
 16 17  1  0
 16 29  1  0
 16 30  1  0
 17 18  1  0
 17 31  1  0
 17 32  1  0
 18 19  1  0
 19 20  1  0
 19 33  1  0
 19 34  1  0
 20 35  1  0
 20 36  1  0
M  END
"