mol_id,ligand invalidity,ligand invalid atoms,ligand atomic energies,ligand HES,ligand atom types,ligand information entropy,ligand information entropy invalidity,pose invalidity,bound ligand energy,isolated ligand energy,binding energy,pose HES
0,0,,"[ -2.3533895 -21.046577   -5.118757   -3.2876213   6.526732   -4.6006722
  -4.0795937  -8.767698   -5.242445   -3.0679593   6.6192536 -13.374456
  -5.3797727  -4.8109894  -0.7903485  -1.3910669  -9.984473    1.6216373
  -6.1879954   7.145763   12.657593   15.141498    9.164872   -4.854351
  -3.1413305  -2.1552744  -2.807727    4.261256   -1.1683722  -1.5712904
  -2.6604512  -2.2159193  -3.1387613  -2.976235   -0.9187289  -2.9784455
  -3.0194042  -4.166977   -1.1598741   0.8633813   1.1517837  -1.596481
   1.4309838  -0.7682096  -2.1281188  -3.1747186  -3.6504514]",0.0,"['O' 'C' 'N' 'C' 'C' 'C' 'C' 'N' 'C' 'C' 'N' 'C' 'O' 'C' 'C' 'C' 'N' 'C'
 'C' 'C' 'C' 'C' 'N' 'H' 'H' 'H' 'H' 'H' 'H' 'H' 'H' 'H' 'H' 'H' 'H' 'H'
 'H' 'H' 'H' 'H' 'H' 'H' 'H' 'H' 'H' 'H' 'H']",0.925541059961362,0,0,-105.0795,-83.150185,-18.429688,0.0
1,0,,"[ -3.5779648   -3.0789258   -6.467644   -11.900344    -7.066387
  -3.400956    11.937542    -6.854673    -4.423308     0.76941514
   0.8392571  -18.82044      1.7477547  -13.436936    -7.2010818
  -5.326736    -1.766136    -7.4186716   -4.5540113   16.065681
  23.927992    -4.3308077    0.5962455   -2.0728557   -1.2246269
  -2.2510185   -2.563115    -2.9341674    1.2341585   -1.9315742
  -3.1044967   -5.1526318    1.1117893    9.841983    -3.1530044
  -2.9802473   -2.2797132   -5.2173204   -3.2645202   -2.6347156
  -2.3049421   -1.4347205    4.376403  ]",0.0,"['O' 'C' 'C' 'C' 'C' 'C' 'N' 'C' 'C' 'C' 'C' 'N' 'C' 'C' 'N' 'C' 'C' 'N'
 'C' 'N' 'O' 'C' 'O' 'H' 'H' 'H' 'H' 'H' 'H' 'H' 'H' 'H' 'H' 'H' 'H' 'H'
 'H' 'H' 'H' 'H' 'H' 'H' 'H']",0.8853835409415234,0,0,-88.7327,-81.68047,-16.865234,0.0
2,0,,"[-3.967038   -8.787304   -3.5853815  -4.406828   -7.756301    1.846431
 -7.703079   -7.3667836  -6.8551497   1.4117064  -2.6248605  -9.426093
 -0.44456014  2.2546375  -6.0585423  -3.0234854  -5.503197    2.120233
 -2.0384967  -3.5643132  29.752842   -2.9884644  -3.7427242  -3.8345463
 17.249128   -1.3365024   2.884169   -1.8581073  -0.57510984 -2.6532605
 -2.6713274  -2.887683   11.292151   -2.3541448  -3.2002048  -4.300701
 -5.810577   -3.8588157 ]",0.0,"['O' 'C' 'O' 'C' 'C' 'C' 'N' 'C' 'C' 'C' 'C' 'C' 'O' 'C' 'C' 'C' 'N' 'C'
 'O' 'N' 'H' 'H' 'H' 'H' 'H' 'H' 'H' 'H' 'H' 'H' 'H' 'H' 'H' 'H' 'H' 'H'
 'H' 'H']",0.0,0,0,-64.562645,-56.372284,-18.375,0.0
3,0,,"[ -0.94967276   1.7538412   -5.2369466    0.58108187   1.1477745
  -8.576061    -6.0602975   -5.7391334   -2.4569242    8.254485
   5.581503    -6.97144     -3.5416808    0.719802   -10.711707
  -7.370986   -17.31856     -3.1574233   -0.61650574 -13.008928
  -4.2224655   -1.9370109   -2.1400933    0.73707163   0.7229712
  -4.8066535   -2.6720254   -3.3036177   -3.111416    -2.3229492
  -1.9590381   -3.2637236   -2.6905866   -3.1466043   -2.1341941
   1.1274953   -3.1683936   -3.0003955   -3.2790928    2.1746542
   4.8837004    5.1214843 ]",0.0,"['O' 'C' 'O' 'C' 'C' 'C' 'C' 'C' 'N' 'N' 'N' 'C' 'C' 'O' 'C' 'N' 'C' 'C'
 'O' 'C' 'O' 'O' 'H' 'H' 'H' 'H' 'H' 'H' 'H' 'H' 'H' 'H' 'H' 'H' 'H' 'H'
 'H' 'H' 'H' 'H' 'H' 'H']",0.0,0,0,-106.44709,-106.06866,-3.9453125,0.0
4,0,,"[ 1.0363616e+01 -7.0608215e+00 -3.6059344e+00 -1.2328261e+01
  3.0148705e+01 -3.6611481e+00 -7.2490473e+00 -3.0283776e-01
  1.1904742e+01 -3.4036012e+00 -2.8388033e+00  1.5524443e+00
  1.1682525e+01 -4.9916134e+00 -3.6919122e+00 -1.8891743e+01
  2.9627847e-02  3.9190302e+00 -3.1395471e+00 -3.0554106e+00
 -3.2170129e+00 -3.1502275e+00 -3.0456598e+00  8.4003019e+00
 -4.8898825e-01  2.6738962e+01 -1.9428303e+00 -2.6324780e+00
 -8.4382248e-01 -1.2453623e+00 -2.1896756e+00 -2.3856044e+00
  4.6839557e+00 -7.1233857e-01  3.9443359e-01 -4.3358731e+00
 -5.0708971e+00 -5.7745707e-01  2.9921441e+00]",0.0,"['O' 'C' 'C' 'O' 'C' 'C' 'C' 'C' 'N' 'C' 'C' 'O' 'C' 'C' 'N' 'C' 'N' 'O'
 'O' 'F' 'H' 'H' 'H' 'H' 'H' 'H' 'H' 'H' 'H' 'H' 'H' 'H' 'H' 'H' 'H' 'H'
 'H' 'H' 'H']",0.12847909113236156,0,0,-8.137656,6.7515793,-16.675781,0.0
5,0,,"[ -2.52116    -20.956278     1.5640042   -1.0215725   -0.55611366
   2.5824811   -4.6989617   -1.0335577   -2.2084718   -5.059362
   0.1628248  -13.292588    -0.7276291   -7.327499    -2.9039187
   4.6994805   -6.726662    -0.44644532   1.6150173   24.606726
   4.8909254    3.9682293   -8.962593     0.31464645  -1.4892279
  -2.4158776   -0.49099544  18.624329    -3.5629935   -1.2093662
  -0.86992455  -2.2610338   -1.0954845   -2.3265555   -2.375244
  22.879898    -2.4520245   -1.1063583    1.489727    -2.3968022
  -2.8325016   -4.914535    -6.7676163   -5.5128326   -2.3370867
  -3.1530418   -2.9508097 ]",0.0,"['O' 'C' 'N' 'N' 'C' 'C' 'C' 'C' 'C' 'C' 'O' 'C' 'N' 'C' 'C' 'N' 'S' 'O'
 'O' 'N' 'C' 'N' 'N' 'C' 'H' 'H' 'H' 'H' 'H' 'H' 'H' 'H' 'H' 'H' 'H' 'H'
 'H' 'H' 'H' 'H' 'H' 'H' 'H' 'H' 'H' 'H' 'H']",0.9715631013842971,0,0,-39.64327,-43.56484,-12.253906,0.0
6,0,,"[ 24.270002    16.741392   -12.36194     -4.826092    -3.3708043
  -8.244442    -0.2488288   -3.6895466   -3.6630247   -7.689653
  -1.3833504    0.46975127  -2.960814     0.16453545   9.611698
  -0.05755528  -2.3175426    2.2345703   -3.2409208    1.4481103
  -2.9677892   -3.0747097   -0.729492     1.4673454   -2.7161536
   0.94399357  -1.6070901    0.03461852  -2.260569    -2.5939658
  -3.1364686   -0.5757144    3.0297127   -3.429426    -3.419051
  -5.1349688    1.4266231   -0.07344442]",0.0,"['O' 'N' 'C' 'C' 'C' 'C' 'C' 'C' 'O' 'C' 'O' 'C' 'C' 'O' 'N' 'O' 'O' 'H'
 'H' 'H' 'H' 'H' 'H' 'H' 'H' 'H' 'H' 'H' 'H' 'H' 'H' 'H' 'H' 'H' 'H' 'H'
 'H' 'H']",0.9052974980762535,0,0,-30.393398,-23.931005,-18.789062,0.0
7,1,"[(11, 'N', 45.37), (41, 'H', 58.001)]","[  1.9506791   -4.016718    -3.5720823   -7.7559257   11.039415
  -9.869629    -7.817594    16.603691    -2.2484908   -7.3837695
  45.37016      7.5550876   -3.0394926   16.51562      7.6340313
   0.19901256 -11.034367     0.70272726 -17.803944   -11.246128
  -7.5635757   -3.0433228   -2.721301    -3.512005    -2.385034
  -1.2912378   -0.19276895  -2.4406602   -0.6653862   -0.37869868
   1.597452    -2.1292546   -1.4516746    2.2683482   23.921877
  -4.0223026   -4.042272    13.467783     0.60517925  -1.8309878
  58.0012      -0.6381607   -2.754649    -1.081975    -2.4190764
  -4.8435497   -2.1354358   -2.6702888   -2.611517     7.9955454
  -1.0828338   -3.0998034   -2.7727134   -2.8986535 ]",32.03436077880859,"['O' 'C' 'O' 'C' 'C' 'C' 'C' 'N' 'C' 'C' 'N' 'C' 'C' 'C' 'C' 'O' 'C' 'O'
 'C' 'O' 'N' 'C' 'C' 'C' 'H' 'H' 'H' 'H' 'H' 'H' 'H' 'H' 'H' 'H' 'H' 'H'
 'H' 'H' 'H' 'H' 'H' 'H' 'H' 'H' 'H' 'H' 'H' 'H' 'H' 'H' 'H' 'H' 'H' 'H']",0.7901706872735819,0,0,25.332094,62.96053,-53.94336,32.03436077880859
8,0,,"[ -8.978462   -11.939589    -3.0419295  -12.087871    -0.4062939
   0.35215864  -8.9954605    0.20262468  -6.8158107   -7.4859996
  -9.089365    -9.356559    -0.63598     10.901349    -5.203166
   0.36155754  -6.280436     7.942492     0.3152438    2.9608798
   0.64733344  -3.1936934   -1.5647804   -2.533913    -0.13426685
   3.221283    -3.3175244   -2.0706077   -2.632944    -2.2546756
  -1.990816     3.8365476   -3.271402    -3.0992346   -4.6551647
  -2.5728056   -3.3729627   -2.4422178   -5.9664264 ]",0.0,"['O' 'C' 'N' 'C' 'C' 'N' 'C' 'O' 'C' 'C' 'C' 'C' 'O' 'N' 'C' 'O' 'C' 'N'
 'N' 'H' 'H' 'H' 'H' 'H' 'H' 'H' 'H' 'H' 'H' 'H' 'H' 'H' 'H' 'H' 'H' 'H'
 'H' 'H' 'H']",0.0,0,0,-118.6445,-104.64889,-27.46289,0.0
9,0,,"[ -0.66606843 -22.58025     -3.7389593   -2.095695     4.772429
  -9.055213    -6.9511642   -5.8837943   -7.048303    15.836561
 -10.83335     -2.5888326   -9.739583    -3.5075386   -2.2019386
  -2.0097303    0.0903433    1.1491494    6.522478     5.139075
  -1.1126359   -4.084606    -5.638203    -2.4035766   -0.60497636
  -0.4562993   -0.33936572  -2.1715884   -1.3636575    3.108593
  -1.6836965   -2.8101375   -2.9720197   -3.2625585    1.481667
  18.172197     0.1457495   -1.8185644   -1.9557695   -0.802272
  -1.6561464    2.542482  ]",0.0,"['O' 'C' 'N' 'C' 'C' 'C' 'C' 'N' 'C' 'O' 'C' 'O' 'C' 'C' 'O' 'C' 'O' 'C'
 'C' 'C' 'O' 'H' 'H' 'H' 'H' 'H' 'H' 'H' 'H' 'H' 'H' 'H' 'H' 'H' 'H' 'H'
 'H' 'H' 'H' 'H' 'H' 'H']",0.0,0,0,-83.74029,-65.07577,-21.199219,0.0
10,0,,"[ -3.4144864  -10.628374    -0.49801648  -8.399404    -7.049451
  -6.7548747   -9.320101   -10.01865     -3.3669033   -6.858942
  -2.4898717   -6.0148015    3.718343    -3.698649    -6.902485
  -1.4666371  -11.079191    -3.729294   -10.581542    -3.4241252
  -5.573879    32.07102     -3.292829    -2.466703    -1.858941
  -1.6574923    0.14511     -2.9215102    2.1841326   -1.1754162
  -0.45548624   3.9522705   -2.353224     0.23670225   3.1751084
  -0.8712864    2.9844363   -2.273265     4.2379465    3.7552946
  -0.85488445  -1.5750812   -0.77336055  -3.0327227   -3.4503446
  -3.1025574 ]",0.0,"['O' 'C' 'O' 'C' 'C' 'C' 'C' 'C' 'C' 'N' 'C' 'C' 'O' 'C' 'C' 'O' 'N' 'C'
 'C' 'C' 'O' 'O' 'H' 'H' 'H' 'H' 'H' 'H' 'H' 'H' 'H' 'H' 'H' 'H' 'H' 'H'
 'H' 'H' 'H' 'H' 'H' 'H' 'H' 'H' 'H' 'H']",0.0,0,0,-97.83232,-96.924416,-5.263672,0.0
11,0,,"[ -1.6322091  -18.693384    -6.947003     7.193513   -11.792928
  -2.2667785   -0.626354    -4.295306   -12.958295    -1.021195
  -6.0072923    2.615672     0.60852623   2.8455856    0.7852333
  -3.8277934   21.265373    -9.663497    -0.75218576  -3.138435
   2.3696043    0.43175614   3.346565     2.3647354    4.771259
  -3.1293745   -3.1814637   -4.378457     0.3225446    2.0415237
  -3.9706705   -2.322185    -2.6742353   -0.24645093  -2.9682739
   2.286166     0.45973065   0.02273914  -1.6671073   -1.282698
  -2.1892917    3.5117738   -3.3527803   -2.626971     1.9824007
   2.360347    -4.4179645   -3.5884106 ]",0.0,"['O' 'C' 'O' 'C' 'C' 'C' 'C' 'C' 'C' 'S' 'C' 'C' 'C' 'C' 'C' 'C' 'N' 'C'
 'O' 'C' 'O' 'O' 'N' 'H' 'H' 'H' 'H' 'H' 'H' 'H' 'H' 'H' 'H' 'H' 'H' 'H'
 'H' 'H' 'H' 'H' 'H' 'H' 'H' 'H' 'H' 'H' 'H' 'H']",0.0,0,0,-87.88095,-64.033936,-22.621094,0.0
12,1,"[(11, 'C', 42.247)]","[-0.05650723  2.8342662  -7.763215   10.12773    27.69505    -7.4573216
 -7.6242337  -7.2517037  24.801462    4.1662035  42.24687    -6.4964523
 -2.6623702  -1.8474753   1.8975438   3.710207    0.33778876 -3.1199281
 -2.9666133  -2.3947258   0.8379058  -0.49699363 -0.07235251  1.2611395
 -2.1348677 ]",9.43686813354492,"['O' 'C' 'C' 'N' 'O' 'C' 'C' 'C' 'C' 'O' 'C' 'N' 'C' 'H' 'H' 'H' 'H' 'H'
 'H' 'H' 'H' 'H' 'H' 'H' 'H']",0.0,0,0,50.026325,67.57141,-18.480469,9.43686813354492
13,1,"[(4, 'C', 47.752), (12, 'C', 38.842)]","[-22.517305   -19.262325    -6.703477    47.751743    -3.7918181
  -4.3650866   -3.92546      2.526838    -5.750695    -6.429791
  -6.167574    38.841618    -2.5651984   -5.7708364    1.5967101
  -7.2324986   -6.6328444    0.57173336  -3.226837    -0.90069765
  28.051521    -5.140316    -2.307089    -1.505562     1.3232415
  -1.2636386   -2.2160134   -2.7461655   -1.391491    -2.7606103
  -1.7483628   19.84358     -2.1187856   -2.7396545   -2.7021334
  -0.6422113    3.8989692   -3.7989168   -2.380339    -2.9336932
   3.0643108 ]",20.9733609008789,"['C' 'C' 'C' 'C' 'N' 'C' 'O' 'C' 'C' 'C' 'O' 'C' 'C' 'C' 'O' 'C' 'C' 'O'
 'H' 'H' 'H' 'H' 'H' 'H' 'H' 'H' 'H' 'H' 'H' 'H' 'H' 'H' 'H' 'H' 'H' 'H'
 'H' 'H' 'H' 'H' 'H']",0.9081310842318691,0,1,546.8209,3.8328407,1093.1406,20.9733609008789
14,1,"[(30, 'H', 62.818), (36, 'H', 37.51)]","[-1.1249401e+01 -4.6223283e+00  6.5031805e+00 -3.7806396e+00
 -3.5805101e+00  2.2163218e+01 -5.1867759e-01  4.0040898e+00
  5.1017156e+00 -4.3121610e+00 -4.9168878e+00 -6.9646945e+00
 -1.6359403e+00  4.1139712e+00  7.7863708e+00 -5.6009374e+00
  4.7818611e+01 -3.1809654e+00  1.5272360e-01 -2.6550746e+00
 -3.4865463e+00 -3.1313905e-01  1.9540681e+00 -2.2366946e+00
 -2.5372243e+00 -2.6584439e+00 -3.2159004e+00 -7.7171594e-02
 -4.2544641e+00  6.2818386e+01  4.6129303e+00 -8.4903002e-01
 -3.3151126e+00 -2.8362122e+00 -3.0478177e+00  3.7509579e+01
  4.9221780e-02 -1.0403783e-01]",32.20796478271484,"['C' 'C' 'C' 'C' 'C' 'N' 'O' 'C' 'C' 'O' 'C' 'C' 'C' 'O' 'C' 'N' 'O' 'O'
 'H' 'H' 'H' 'H' 'H' 'H' 'H' 'H' 'H' 'H' 'H' 'H' 'H' 'H' 'H' 'H' 'H' 'H'
 'H' 'H']",0.8761667585133929,0,1,279.0263,122.63806,324.19336,32.20796478271484
15,1,"[(20, 'H', 44.07), (24, 'H', 41.101)]","[ -3.398229    -9.342739     9.045559    -1.7855005   -7.4194126
   1.2548008   -3.602258    -5.7752733    3.8109722    3.4468348
 -13.610143   -15.931311     9.423645    -3.2245781   14.05081
 -19.5433      -1.5639306   -1.9765966   -3.1290529   44.06957
  -3.7853737   -3.353124     4.0683336   41.101032    -0.25780785
  -5.2185082   -3.506409    -3.3878777   -2.1738248   -3.5196002 ]",17.050600891113277,"['N' 'C' 'C' 'C' 'C' 'O' 'N' 'O' 'C' 'C' 'C' 'N' 'C' 'O' 'C' 'C' 'N' 'C'
 'H' 'H' 'H' 'H' 'H' 'H' 'H' 'H' 'H' 'H' 'H' 'H']",0.515514341329938,0,1,857.2368,14.766706,1682.4277,17.050600891113277
16,0,,"[-4.5374579e+00 -2.0034586e+01 -6.8719535e+00 -4.6426840e+00
 -3.8806813e+00  6.6963120e+00 -1.3951219e+00 -5.1217108e+00
 -7.0039124e+00 -7.8073421e+00 -4.0870185e+00 -7.0608115e+00
 -1.0078039e+01 -7.7342215e+00 -5.1779790e+00 -7.4914947e+00
  3.0368083e+00 -4.1049571e+00 -5.3422303e+00 -3.4271669e+00
 -2.3370485e+00 -2.9392552e+00 -2.8630497e+00 -3.1434844e+00
 -2.7567255e+00 -2.8939285e+00 -3.2865162e+00  1.3025118e+00
  6.3144898e+00  3.2438859e-01 -2.8871024e+00 -3.1560767e+00
 -8.1053531e-01 -2.3595467e+00 -2.7490454e+00  2.0088892e+00
  1.6996423e+00 -1.9497557e+00 -1.4707823e-01 -8.5718539e-03
  2.0872986e+00 -2.3840373e+00 -3.0870185e+00]",0.0,"['N' 'C' 'C' 'C' 'C' 'C' 'O' 'O' 'C' 'C' 'C' 'C' 'C' 'C' 'C' 'O' 'C' 'C'
 'H' 'H' 'H' 'H' 'H' 'H' 'H' 'H' 'H' 'H' 'H' 'H' 'H' 'H' 'H' 'H' 'H' 'H'
 'H' 'H' 'H' 'H' 'H' 'H' 'H']",0.0,0,1,658.7141,-132.0878,1295.5762,0.0
17,1,"[(21, 'H', 43.929), (24, 'H', 37.798)]","[ 9.703045   -1.1950259  -4.6852217   0.5737885   3.4912019  -6.0528045
 11.041405   -1.7901312   9.060785    3.3611102  -4.0188313  -4.351446
 -4.3417683  -1.207077   -4.2266817  -0.23569515 -4.343633   14.403529
 -0.21822353 -1.0824126  43.92922    -1.5541154  -2.128698   37.79814
 -1.0953329   0.4065216  -2.121201   -2.341275   -2.3716965  -0.41726002
 -2.3839328  -3.3763666   9.009631   -1.7422905  -0.9424287   1.3000435
  1.0944104   6.3438315  -2.7428145  -2.7118907  -2.5965457 ]",13.607359771728511,"['O' 'C' 'N' 'C' 'C' 'C' 'C' 'O' 'C' 'C' 'C' 'C' 'C' 'C' 'N' 'C' 'C' 'H'
 'H' 'H' 'H' 'H' 'H' 'H' 'H' 'H' 'H' 'H' 'H' 'H' 'H' 'H' 'H' 'H' 'H' 'H'
 'H' 'H' 'H' 'H' 'H']",0.19328446499433882,0,1,470.84756,85.24186,805.7324,13.607359771728511
18,0,,"[-17.028284    -9.870381    -2.5379593    1.5243082    1.5934426
  -5.733871    -2.5361643   -9.99498      1.5966555   -7.298063
  -6.4802785   -3.7225232    0.7348523   -3.3407087   -3.5065646
  -1.5539588   -1.4227394   -1.2615244   -7.766814    -1.659032
  50.236366    -3.728511     3.4760876    4.468307    -2.9307256
  25.132803    -2.778208    -1.2534      -0.42403716   2.4488342
  -1.0122286    2.4010055   -2.9058678   -2.832349    -3.379342
   2.6277294   -2.8196285   -3.9005804    4.8009405   -0.9301696
  -2.9182162 ]",0.0,"['C' 'C' 'O' 'O' 'C' 'C' 'C' 'C' 'N' 'N' 'C' 'C' 'O' 'C' 'O' 'C' 'C' 'O'
 'C' 'C' 'S' 'H' 'H' 'H' 'H' 'H' 'H' 'H' 'H' 'H' 'H' 'H' 'H' 'H' 'H' 'H'
 'H' 'H' 'H' 'H' 'H']",0.0,0,1,264.08676,-16.485786,530.6758,0.0
19,1,"[(19, 'C', 58.561), (43, 'H', 57.802), (51, 'H', 43.588), (52, 'H', 63.768), (60, 'H', 47.017)]","[-6.15235472e+00 -5.19773102e+00  2.47057033e+00  3.23553634e+00
  1.93172855e+01 -1.28233814e+00 -1.35206199e+00  1.46036348e+01
 -2.50231886e+00 -2.87872887e+00  1.36770325e+01 -2.91428852e+00
 -5.17527151e+00 -5.09448290e+00 -2.46369171e+00  1.89906940e+01
 -6.27695417e+00 -5.74229383e+00  5.85613022e+01 -6.23867273e+00
  8.58144379e+00  2.04440918e+01  2.33362603e+00  1.15532815e+00
  2.69018340e+00  8.66688251e+00 -6.60600615e+00  1.13705611e+00
 -3.88072753e+00 -9.45909023e+00 -9.77635193e+00  1.27717476e+01
  1.53454275e+01 -1.93930638e+00 -1.02132773e+00 -1.54760122e+00
 -3.95611811e+00  3.81822991e+00  6.31469107e+00 -3.11373889e-01
  5.56136593e-02 -3.91800642e+00  5.78021622e+01 -2.35108995e+00
  5.15913844e-01  3.12151890e+01  5.97617626e+00 -3.05549622e+00
 -1.88392496e+00 -3.56515574e+00  4.35878754e+01  6.37676582e+01
 -2.32248497e+00 -1.58328927e+00 -4.84909344e+00 -1.98280954e+00
 -2.23100543e+00 -1.08841872e+00 -4.08376074e+00  4.70172997e+01
  3.60146666e+00  6.36758983e-01  8.44697952e+00 -1.49907267e+00
 -2.75797129e-01  3.83615685e+00  8.88594151e+00  1.84024894e+00
  1.11008825e+01 -1.35011756e+00]",101.68629760742186,"['C' 'C' 'C' 'C' 'C' 'N' 'C' 'C' 'C' 'C' 'C' 'O' 'C' 'C' 'C' 'C' 'C' 'C'
 'C' 'C' 'C' 'C' 'C' 'O' 'O' 'C' 'C' 'C' 'C' 'C' 'O' 'C' 'C' 'N' 'H' 'H'
 'H' 'H' 'H' 'H' 'H' 'H' 'H' 'H' 'H' 'H' 'H' 'H' 'H' 'H' 'H' 'H' 'H' 'H'
 'H' 'H' 'H' 'H' 'H' 'H' 'H' 'H' 'H' 'H' 'H' 'H' 'H' 'H' 'H' 'H']",0.9357055110449182,0,1,1471.2627,374.5925,2143.254,101.68629760742186
20,1,"[(13, 'C', 44.632)]","[ -2.3772187    1.3390439   -0.8952513   -3.0940905   -7.8284264
  -5.675414   -19.671682    -2.2566338   -8.094443    -3.611255
  -0.24596916  -1.2426918   44.63224      6.6333184   -6.9673843
  -7.0132074    5.4487123    1.1233091   -7.888256     2.031511
   4.2058477    3.8099756   -9.061452    -0.40403348   2.2528539
  10.174299    -3.2684405    2.4384422    3.8064156    2.0462224
  22.205664    -3.8776963   -3.2278435    2.8115945   -2.9940643
   9.150684    -3.2958982    0.3235626    4.8477945    0.27888086
   3.2095315    2.2654417   -2.0954587   -3.1503992   -1.6356882
   5.16155     -2.6930099   -3.5505223 ]",11.822240295410154,"['C' 'C' 'O' 'O' 'C' 'C' 'C' 'N' 'C' 'C' 'O' 'C' 'C' 'C' 'O' 'N' 'C' 'C'
 'C' 'O' 'C' 'C' 'C' 'O' 'C' 'C' 'H' 'H' 'H' 'H' 'H' 'H' 'H' 'H' 'H' 'H'
 'H' 'H' 'H' 'H' 'H' 'H' 'H' 'H' 'H' 'H' 'H' 'H']",0.0,0,1,236.55928,24.080467,791.93164,11.822240295410154
21,0,,"[ -6.482453     0.7707336    6.987266   -20.92297     -6.2906475
 -11.331504   -16.309004    -2.0417588  -20.579203    -3.0073762
  -7.5841537  -13.812308    -6.6905775   -5.298788    -1.7807438
   2.8088398   -7.134233    -6.6743603   -7.156915     0.9471864
  16.83553     -1.527047    -7.860033    10.482662    -0.7140447
  -3.1832793   10.987791     1.413236    -4.493961    -2.531975
   2.7811174    4.494013    -3.7377934   -2.013333    -2.2283235
  -2.934087    -1.2697519    2.8801496    4.8414655    0.29971406
  -5.064882     4.1907806    0.27071622   3.7600338   -3.4630208
   0.70219076  -0.33686203   3.7686327 ]",0.0,"['C' 'N' 'N' 'C' 'C' 'C' 'C' 'O' 'C' 'O' 'C' 'C' 'C' 'C' 'O' 'O' 'N' 'C'
 'O' 'O' 'O' 'O' 'C' 'N' 'O' 'O' 'H' 'H' 'H' 'H' 'H' 'H' 'H' 'H' 'H' 'H'
 'H' 'H' 'H' 'H' 'H' 'H' 'H' 'H' 'H' 'H' 'H' 'H']",0.0,0,1,1471.6886,-105.23334,2871.5527,0.0
22,0,,"[ -0.6072329   12.138621    -9.152746     1.09024    -15.5568495
  -9.482242    -7.398808    -3.4398072   -1.64943     -3.231881
  -2.2281837    8.0164175    4.4644628   -4.10287      6.992231
  -5.8921576    0.65479815  19.145033   -24.020466     6.4291368
   3.2530286   -8.229231    -1.7248906    3.6628342    3.0663154
  23.868645     8.95886      2.3916056   -1.3797286    1.5952666
  -3.1615753   -2.4975338   -2.650003    -2.8062894   -2.8155327
  -2.125255    -1.0006659   -0.73471886   7.1628985    0.86533296
   5.321929    -0.49842027   7.464908     7.034436    -3.4558918
  -3.9157963    4.7594366   10.152065     4.4815183   13.585782  ]",0.0,"['O' 'N' 'F' 'O' 'C' 'C' 'C' 'C' 'N' 'C' 'C' 'C' 'N' 'C' 'O' 'C' 'C' 'C'
 'C' 'O' 'C' 'C' 'C' 'C' 'C' 'C' 'H' 'H' 'H' 'H' 'H' 'H' 'H' 'H' 'H' 'H'
 'H' 'H' 'H' 'H' 'H' 'H' 'H' 'H' 'H' 'H' 'H' 'H' 'H' 'H']",0.8890982609406894,0,1,250.48335,42.797592,704.9551,0.0
23,1,"[(5, 'C', 32.194), (7, 'C', 16.022), (27, 'H', 25.958)]","[ -5.6012897   -3.462964    -9.495293   -20.379229    32.19375
  -3.5013623   16.022095     2.2053828   -2.553072    -1.9435874
  -0.77676094  -4.6049213   -4.422778    -1.3845059    6.323412
  -2.6743858   -1.552161     8.82201    -21.497078    -8.241178
   0.63963103  -4.1970124   -1.034566    19.919647    -2.9193525
   9.664767    25.958466    -1.447722    -1.0043142    2.1557393
   8.100173     2.3136833   -2.9629822   -0.48492476  -2.3568823
  -3.871988    -6.572603    -3.839162     5.9338636    0.6177177
  -3.2101116   -1.4076002    0.6005849    2.189618    -7.7826076 ]",74.17430877685547,"['C' 'C' 'C' 'C' 'C' 'C' 'C' 'O' 'C' 'N' 'C' 'C' 'C' 'O' 'C' 'C' 'O' 'O'
 'C' 'O' 'O' 'C' 'H' 'H' 'H' 'H' 'H' 'H' 'H' 'H' 'H' 'H' 'H' 'H' 'H' 'H'
 'H' 'H' 'H' 'H' 'H' 'H' 'H' 'H' 'H']",0.8968626203983353,1,1,310.35156,8.478144,686.16797,74.17430877685547
24,0,,"[ -9.297288    -3.9156153   -2.0856822   -5.056698    -3.2081752
  -5.3680797  -20.25894     -5.5779357   -4.667748    -4.9796705
   1.1245362   -0.11703113  -5.0466366    4.409302   -23.499628
  -1.4461509   -1.0396332   -3.077689    -3.1468594   -3.0317483
  -2.9775345   -3.2667215   -3.2223372   -6.0391345   -2.033392
  -1.0497919    2.667935     2.4625103    5.5723057   13.905581
  -2.7945483   -3.7311606    3.041996     3.7155764    3.0126166 ]",0.0,"['C' 'C' 'C' 'O' 'C' 'C' 'C' 'C' 'O' 'N' 'O' 'C' 'C' 'N' 'C' 'O' 'C' 'H'
 'H' 'H' 'H' 'H' 'H' 'H' 'H' 'H' 'H' 'H' 'H' 'H' 'H' 'H' 'H' 'H' 'H']",0.0,0,1,102.10884,-90.02347,366.04883,0.0
25,1,"[(27, 'H', 39.856)]","[ 11.713028     2.1964061   -2.958981    44.925617     0.42518
   1.2743267    0.7393596    0.58344567  -7.389347     1.6980121
  -2.750494     5.0829206   22.737978    -6.116851    -4.8247848
   7.062089     7.3165894   -1.8219178    6.558684   -16.076035
  -4.777468    -4.3358183   -3.0263038    2.1676278    1.8262813
   1.7450022   39.85593     -0.1515262    2.70122      4.2428155
  -3.2704458    8.615617    -2.5616126   -3.6622114   -3.0942585
  -0.8297321    5.599033    -3.1179597    1.3872094    1.9070385
  -1.2506783    0.3456429 ]",5.795930328369138,"['C' 'C' 'O' 'O' 'O' 'O' 'C' 'C' 'C' 'C' 'C' 'C' 'O' 'C' 'C' 'C' 'C' 'O'
 'C' 'C' 'C' 'C' 'H' 'H' 'H' 'H' 'H' 'H' 'H' 'H' 'H' 'H' 'H' 'H' 'H' 'H'
 'H' 'H' 'H' 'H' 'H' 'H']",0.30423722338498305,0,1,137.85078,110.690636,157.87695,5.795930328369138
26,1,"[(15, 'C', 42.533), (16, 'C', 86.209), (17, 'C', 53.627), (22, 'H', 65.933), (36, 'H', 115.204)]","[-8.5572853e+00 -4.2414522e+00 -1.9551768e+00  1.4199765e+01
 -5.2171826e+00  1.2628080e+00 -5.6518068e+00  3.5838232e+00
 -2.5062811e+00 -7.7943496e-02 -8.8545799e+00 -3.1642506e+00
 -3.7731345e+00 -1.9279446e+01  4.2533150e+01  8.6208641e+01
  5.3626816e+01 -9.2190754e-01 -6.0018005e+00 -2.8191659e+00
 -3.2859147e+00  6.5932983e+01 -2.5907724e+00 -2.1243834e+00
 -2.5130677e+00  1.8964109e+00 -2.5673823e+00 -2.8283656e+00
  2.4155214e+00 -3.7390151e+00 -3.7246637e+00  3.8776174e+00
  2.2333113e+01  3.0557610e+01 -9.2763004e+00  1.1520437e+02
 -1.9243023e+00 -2.2069726e+00 -2.0310087e+00]",196.9559585571289,"['N' 'C' 'C' 'C' 'C' 'C' 'O' 'C' 'O' 'C' 'C' 'C' 'O' 'C' 'C' 'C' 'C' 'C'
 'H' 'H' 'H' 'H' 'H' 'H' 'H' 'H' 'H' 'H' 'H' 'H' 'H' 'H' 'H' 'H' 'H' 'H'
 'H' 'H' 'H']",0.8608195193209601,0,1,747.0245,331.79904,793.209,196.9559585571289
27,1,"[(36, 'H', 35.21)]","[ -5.9779477   -0.88036376  -1.4949225    6.0980744   -8.074652
  -9.190187     5.396007     1.658879    23.347588    28.03462
   3.4552312   -6.712499   -13.328427     6.7186823   -7.934694
  -7.8695683    1.1452334   -4.2802467   -4.614451    -0.29837483
  -0.63985395  -3.0947535   -1.9694476   12.525465   -11.790213
  13.126622    -7.2782683  -10.14695     -8.50692     -0.41561952
  -4.555042    -0.6737115   -2.1509447   -2.0463183    8.687352
  35.210148    -2.424758     4.620054     1.0772493    1.7592164
   7.4030833   17.450474     1.6534035   -0.6706361    0.22947708
  -2.0424001    0.60333973   2.9746687   -1.2489479    5.8262763
  -3.0946696   -2.7030394   -2.9093094   -2.5272968    3.5152626
   1.1940782    6.778656    13.605246    -0.2050596    8.344139
  -0.10607947   4.533686  ]",1.1501478576660134,"['N' 'N' 'C' 'C' 'C' 'C' 'O' 'C' 'S' 'C' 'O' 'C' 'C' 'C' 'C' 'C' 'O' 'C'
 'C' 'O' 'O' 'C' 'O' 'O' 'C' 'O' 'C' 'C' 'C' 'O' 'H' 'H' 'H' 'H' 'H' 'H'
 'H' 'H' 'H' 'H' 'H' 'H' 'H' 'H' 'H' 'H' 'H' 'H' 'H' 'H' 'H' 'H' 'H' 'H'
 'H' 'H' 'H' 'H' 'H' 'H' 'H' 'H']",0.9074089871224873,0,1,1100.5278,85.11563,673.7617,1.1501478576660134
28,0,,"[  8.382463    -4.714175    11.899085     6.8692036   -5.5912166
   0.373241    12.046417    -3.0566635    3.1918724   -7.977098
 -10.620183    16.164988     3.957737    -3.3542936   -7.5850916
   5.111818    -3.9572787   -2.9396331   16.137054   -21.592888
   5.4302716  -11.939722     6.6416674    4.386971     0.10096889
 -18.577747    -1.3206353    3.7884476  -19.095238     5.4555635
  -6.1923175    0.16689603  -1.2542865   -0.28158072  -7.4921494
 -10.031013     2.4034064    4.7948      -9.014331     8.105748
   6.095725    -8.489162     3.3050904   -0.7711999   -1.4116077
  -1.8122842   -2.1969452    1.4795395    9.286116    -0.9637985
   3.835278    -1.730083     6.9817123   -0.15556855  -3.0359843
  -2.5155497   -4.0069885   -4.1289616   -1.4096141   -0.9991656
   1.3630371    6.662638    -5.0602374   -3.7986605    3.9365008
   1.2142204    4.207539    -2.6755517   -2.0626311   -2.0187626
   1.0189557   -4.9722767   -5.333827     3.2251956   -3.5609124
  -3.8861709   -2.1471524   -4.0846047   -2.9468703 ]",0.0,"['O' 'C' 'C' 'N' 'C' 'C' 'C' 'C' 'C' 'C' 'O' 'C' 'C' 'C' 'C' 'N' 'C' 'C'
 'C' 'C' 'N' 'C' 'C' 'O' 'O' 'C' 'C' 'O' 'C' 'O' 'O' 'C' 'N' 'O' 'C' 'C'
 'O' 'C' 'C' 'C' 'C' 'N' 'C' 'C' 'H' 'H' 'H' 'H' 'H' 'H' 'H' 'H' 'H' 'H'
 'H' 'H' 'H' 'H' 'H' 'H' 'H' 'H' 'H' 'H' 'H' 'H' 'H' 'H' 'H' 'H' 'H' 'H'
 'H' 'H' 'H' 'H' 'H' 'H' 'H']",0.0,0,1,20.79429,-54.741943,122.44922,0.0
29,0,,"[  8.621374     3.9297376    7.4911504    4.6833863  -13.256118
  -1.2321626   -2.5590892  -11.609731   -10.029372    -7.4901485
  -0.25343195  -5.5503187   16.262926    -7.043532    -7.018089
   0.5863258  -27.3711      -7.059872    -1.0621815   -1.5793382
  -7.0149612    2.00198     -8.805669    12.111427    -3.1696658
  -4.647181    -0.9408734  -22.65326      0.5684718    0.21308595
 -11.892095     1.3579481   11.522483    12.127206    -0.91988325
  -3.1018727   -3.734856    -2.9212492   -2.4382684   -0.6989809
  -2.599855     3.079028    -1.983144    -1.8706447   -0.53240347
  -6.0949574    4.4829836   -1.8920301   -4.241098    -2.3700385
  -1.8590479   -5.2351694    1.7796692    3.6067302 ]",0.0,"['C' 'C' 'C' 'C' 'C' 'C' 'C' 'F' 'F' 'C' 'C' 'N' 'C' 'F' 'C' 'N' 'C' 'O'
 'N' 'C' 'C' 'O' 'C' 'O' 'O' 'C' 'C' 'C' 'O' 'C' 'C' 'O' 'O' 'O' 'H' 'H'
 'H' 'H' 'H' 'H' 'H' 'H' 'H' 'H' 'H' 'H' 'H' 'H' 'H' 'H' 'H' 'H' 'H' 'H']",0.0,0,0,-121.75564,-110.30577,-2.8964844,0.0
30,0,,"[ 14.882154    15.017465     2.4434786   -0.46884397   6.190542
   7.5121813   -8.206055    -2.608214    -6.412212     3.4719758
  -3.7845314    3.091382    -7.6913443  -16.079731    -5.0930824
  -2.8764217    0.03464347  -4.1601315   10.317052     4.993768
  18.083448    -0.34435856  -3.5993092   14.521068    -1.354757
  -2.0845714    5.5045953    4.863684     9.379624    -2.1694508
  -2.899313    -1.2772144   -4.458255    -1.9643186    5.2873373
   1.0257057   -3.3816776   -4.623318     2.2296405    2.0709457
  -4.279638  ]",0.0,"['C' 'C' 'C' 'C' 'O' 'O' 'C' 'C' 'C' 'N' 'C' 'O' 'C' 'C' 'O' 'N' 'C' 'C'
 'O' 'C' 'O' 'N' 'C' 'C' 'H' 'H' 'H' 'H' 'H' 'H' 'H' 'H' 'H' 'H' 'H' 'H'
 'H' 'H' 'H' 'H' 'H']",0.9998652543408844,0,0,35.10244,41.103943,-0.8671875,0.0
31,0,,"[  5.263605    10.1086855   -0.5737421    6.799096     6.1211495
   0.09581611  -3.0522654    2.9218998  -11.832835     3.386844
   1.8555758   -3.464709    13.295508     7.024279    -2.8178034
  -5.1889825   -9.196946     5.8213887    5.2718086  -11.216658
   1.7369698    7.455424    -0.27076802   2.9709134   -8.460166
  -5.7601404    7.376016     6.5723753    0.2205171    3.3278458
  -4.1569996    0.28729156   2.4751422    5.3333287   -4.3075743
   2.8676906    1.0221101    0.7736862   -3.271807     2.2714202
  -3.785286    -2.2451406    2.6397789   -1.7457677   -2.9868112
  -3.4383616    1.3536457   -0.6159245   -1.3060726    2.1624618
  -4.589259     3.822358    -0.7755125   -3.0097604   -2.7747684
  -3.52013      2.7689376   -1.5501492   -0.5608956    0.6362477
   2.4969652   -3.045318     5.283425     4.020493     4.496028
  -0.5316609 ]",0.0,"['C' 'C' 'C' 'C' 'O' 'C' 'C' 'C' 'C' 'O' 'C' 'C' 'O' 'C' 'C' 'C' 'C' 'C'
 'O' 'C' 'C' 'C' 'O' 'C' 'O' 'C' 'O' 'O' 'O' 'C' 'C' 'O' 'C' 'C' 'C' 'O'
 'O' 'O' 'H' 'H' 'H' 'H' 'H' 'H' 'H' 'H' 'H' 'H' 'H' 'H' 'H' 'H' 'H' 'H'
 'H' 'H' 'H' 'H' 'H' 'H' 'H' 'H' 'H' 'H' 'H' 'H']",0.0,0,1,49.468315,32.28451,51.71289,0.0
32,0,,"[  0.37738937   1.6404879    0.64709234  -4.008631    -4.5897574
  -7.402394    -4.9145308   -5.268741    -2.1702423    1.9088604
  -1.1454461   32.19126     -2.7680154    9.835059    20.762625
  11.548307     0.15048362 -11.816416     2.1711442    8.416266
  -0.5842531   -7.984366     7.3773155    4.0697265   -2.984131
  -2.537282    -6.167372     1.8091244    0.4512354    1.8499699
  -1.2670699    6.761301     0.9020401    4.605614     0.87584364
 -12.589449    30.860226    -3.063496    -0.64540493  -4.138258
  -1.3015639   -2.3235977   -2.1930158   -0.27103063  -6.1904216
  -2.780601     0.04617063  10.289276    -2.5861928   -0.47963157
   1.4352003   -3.133528     0.5363184    2.8367991    3.971953
   2.865337    -4.281329     1.5596982   -3.85343   ]",0.0,"['C' 'C' 'C' 'C' 'C' 'C' 'C' 'C' 'C' 'N' 'C' 'O' 'C' 'C' 'O' 'C' 'O' 'C'
 'C' 'C' 'O' 'C' 'C' 'C' 'O' 'C' 'C' 'O' 'C' 'O' 'C' 'C' 'O' 'C' 'N' 'O'
 'O' 'H' 'H' 'H' 'H' 'H' 'H' 'H' 'H' 'H' 'H' 'H' 'H' 'H' 'H' 'H' 'H' 'H'
 'H' 'H' 'H' 'H' 'H']",0.6154965242848011,0,1,75.61486,57.312527,46.359375,0.0
33,1,"[(34, 'O', 73.682)]","[ 4.0615633e-01  1.8309399e+00  6.4698482e-01 -3.9179499e+00
 -4.4666190e+00 -8.1346226e+00 -4.8508220e+00 -5.1322289e+00
 -2.9089689e+00  1.5197378e+00 -1.1196617e+00  3.2166565e+01
 -2.7056408e+00  9.8315029e+00  2.0762762e+01  1.1637267e+01
  1.5048493e-01 -1.1298545e+01  2.0364327e+00 -5.6501527e+00
 -8.3914697e-01 -8.0191631e+00  1.3109785e+01  6.7858081e+00
 -3.6260433e+00 -2.1980178e+00 -6.6141529e+00  3.4248018e+00
 -1.2621556e-01  6.9732208e+00 -3.3302423e-01 -2.3214653e-01
  1.1219776e+00  7.3681549e+01 -3.5135717e+00  1.2849385e+01
  1.4213285e+01 -1.6854200e+00  1.5364990e+01 -1.6948580e+00
  3.6934197e+00 -3.0634966e+00 -6.8246430e-01 -4.1382585e+00
 -1.2633832e+00 -2.3250835e+00 -2.1899707e+00 -2.3370786e-01
 -6.0790896e+00 -2.8276613e+00 -2.9285379e-02  1.0266888e+01
 -2.6003857e+00 -4.7963172e-01  1.4051251e+00 -2.7752218e+00
  5.6415749e+00  4.0607409e+00  3.1871245e+00  1.0498699e+00
  1.7653868e+00 -5.0147641e-01  2.6687460e+00 -4.5292449e+00
 -3.1150753e+00 -3.8395441e+00 -2.1078281e+00 -2.2721519e+00
 -2.1592441e+00 -1.6543990e+00]",13.820549072265628,"['C' 'C' 'C' 'C' 'C' 'C' 'C' 'C' 'C' 'N' 'C' 'O' 'C' 'C' 'O' 'C' 'O' 'C'
 'C' 'C' 'O' 'C' 'C' 'C' 'O' 'C' 'C' 'O' 'C' 'O' 'C' 'O' 'C' 'O' 'O' 'C'
 'C' 'C' 'C' 'C' 'C' 'H' 'H' 'H' 'H' 'H' 'H' 'H' 'H' 'H' 'H' 'H' 'H' 'H'
 'H' 'H' 'H' 'H' 'H' 'H' 'H' 'H' 'H' 'H' 'H' 'H' 'H' 'H' 'H' 'H']",0.0,0,1,155.19008,134.31894,55.085938,13.820549072265628
34,0,,"[ -3.0141757   -6.9441514  -12.972776    15.535452     1.3606097
  -3.5708642    5.8090677  -14.387191     7.126191    -8.063272
  -5.6378007   -9.293447   -13.980289    -0.7019287   -8.078754
  10.452114   -10.807502   -14.953647     2.0002759   -7.230986
  -2.465484    -3.5426767   -5.966264    -4.2647266   -0.45387548
   8.971228     6.4358463   -4.4008512   -1.9856225   -3.5282955
   1.9963206    5.7646675   -2.3896425   -0.5926192   -0.93704236
  -6.05815     -0.6104173   -1.5794778   -1.2223444    1.3460351
   8.125909    -3.0796268   -0.9210157    7.10597     -0.44608644
  -1.0947417    4.9131308   -0.94035524  -0.82892   ]",0.0,"['C' 'C' 'N' 'N' 'C' 'C' 'C' 'C' 'C' 'F' 'C' 'N' 'C' 'O' 'N' 'C' 'N' 'C'
 'O' 'C' 'C' 'C' 'C' 'C' 'O' 'C' 'C' 'H' 'H' 'H' 'H' 'H' 'H' 'H' 'H' 'H'
 'H' 'H' 'H' 'H' 'H' 'H' 'H' 'H' 'H' 'H' 'H' 'H' 'H']",0.0,0,1,-77.52603,-80.0022,24.126953,0.0
35,0,,"[  3.4171453   26.833614     6.210306     7.1501164   10.903129
  -7.5670853   -0.44710255   7.6515803    3.3739696   -7.759328
  -7.013167     6.5005407   13.150403    -2.2244356    1.8137549
  -4.6364946  -13.437023   -25.184216    -3.5457387   -2.803238
  -6.758288    -9.207503    -0.76666784   0.6500291   -7.430491
  -6.1517916    0.7991529    3.910916     3.272014    -2.3626971
   7.2176113   -3.1301074   -1.5320412   -2.0961733    2.925296
  -1.8754047   -4.3334074   -1.6220052   -1.9336568   -1.9280944
  -1.086505    -2.5644276   -2.63771      3.8773556   -0.5227372
  -1.2047487    1.9080483    3.1879623   -1.4877537   -0.48149988
  -3.7796948   -0.6004181   -5.942534     0.30511248   3.1756935 ]",0.0,"['F' 'C' 'C' 'O' 'C' 'C' 'C' 'O' 'C' 'C' 'C' 'O' 'C' 'C' 'C' 'C' 'N' 'C'
 'C' 'O' 'C' 'C' 'C' 'O' 'C' 'N' 'N' 'O' 'O' 'H' 'H' 'H' 'H' 'H' 'H' 'H'
 'H' 'H' 'H' 'H' 'H' 'H' 'H' 'H' 'H' 'H' 'H' 'H' 'H' 'H' 'H' 'H' 'H' 'H'
 'H']",0.6286485276641262,0,1,-8.788597,-27.82043,40.373047,0.0
36,1,"[(49, 'C', 45.827)]","[ 5.2636085e+00  1.0108684e+01 -5.7374245e-01  6.7990975e+00
  6.1211505e+00  9.5820345e-02 -3.0522673e+00  2.9242020e+00
 -1.1832837e+01  3.3868430e+00  1.8670470e+00 -3.4646356e+00
  1.3295508e+01  7.0242796e+00 -2.8162334e+00 -5.1889825e+00
 -9.1972895e+00  5.6326952e+00  5.2718101e+00 -1.1212600e+01
  1.7402902e+00  7.4554253e+00 -3.3159566e-01  2.9709098e+00
 -8.4856625e+00 -5.7636085e+00  7.3760138e+00  6.5723825e+00
  6.9193281e-02  3.2039075e+00 -3.1728442e+00 -8.8136446e-01
  9.1225319e+00  6.8068671e+00 -3.2861645e+00 -3.7700775e+00
 -4.5522038e-02  6.7918291e+00  1.1787080e+01  3.4190384e+01
 -9.1298962e+00 -1.1589973e+01  1.8539186e+01  4.3930173e+00
  5.4144492e+00  2.1698544e+00  3.1618109e+00  2.5552578e+01
  4.5827358e+01  3.3267990e+01 -3.2718077e+00  2.2714224e+00
 -3.7852852e+00 -2.2451425e+00  2.6313226e+00 -1.7287573e+00
 -2.9868124e+00 -3.4384911e+00  1.3536441e+00 -6.1592478e-01
 -1.3060734e+00  2.1548328e+00 -4.5909510e+00  3.8223572e+00
 -7.7551353e-01 -3.0097604e+00 -2.7740564e+00 -3.5201292e+00
  2.7689378e+00 -1.3180846e+00 -4.7864348e-01  8.2781053e-01
 -9.0315378e-01 -1.4945875e+00 -5.7682765e-01 -3.2748263e+00
  3.1825518e+01  1.7682642e+00  4.6695298e-01  8.9577055e-01
  3.2935925e+00]",13.017358245849607,"['C' 'C' 'C' 'C' 'O' 'C' 'C' 'C' 'C' 'O' 'C' 'C' 'O' 'C' 'C' 'C' 'C' 'C'
 'O' 'C' 'C' 'C' 'O' 'C' 'O' 'C' 'O' 'O' 'O' 'C' 'C' 'O' 'C' 'C' 'C' 'N'
 'O' 'C' 'C' 'O' 'C' 'C' 'N' 'C' 'O' 'O' 'N' 'C' 'C' 'O' 'H' 'H' 'H' 'H'
 'H' 'H' 'H' 'H' 'H' 'H' 'H' 'H' 'H' 'H' 'H' 'H' 'H' 'H' 'H' 'H' 'H' 'H'
 'H' 'H' 'H' 'H' 'H' 'H' 'H' 'H' 'H']",0.9134648681744029,0,1,240.31651,222.3941,53.810547,13.017358245849607
37,0,,"[  3.070544    -2.9506245   -3.3431463   15.404735    22.530142
  -1.2737045    1.7619092    7.281191     5.3975773    5.8302493
  -2.902569     6.666169    13.280584     3.6558635   -4.9583197
   1.0287248    8.34134     -8.003422    -3.1449285   -3.2081752
  -0.80137444 -15.373103    -4.0838485   -1.6770257   -4.6439276
  -1.9878054    5.5054345    1.2343515  -11.182806    12.458564
  -3.8829875   -2.6498337    1.6707147   -1.2230791    1.2478421
  -0.16606444   4.1571608   -5.5249486    0.08371535  20.470493
  -1.5691556   11.084785    -3.1336787    4.407227    -2.1328087
  -2.3696563   -2.6734996   -2.9815855   -3.138407    -0.15211631
  -0.09057074  -2.7917295   -3.129359    -2.4617658   -2.7359185
  -1.2483667   -2.6518059 ]",0.0,"['O' 'C' 'C' 'O' 'C' 'C' 'C' 'C' 'C' 'O' 'C' 'C' 'O' 'C' 'C' 'C' 'O' 'C'
 'N' 'C' 'O' 'C' 'O' 'C' 'C' 'C' 'O' 'O' 'C' 'O' 'C' 'C' 'H' 'H' 'H' 'H'
 'H' 'H' 'H' 'H' 'H' 'H' 'H' 'H' 'H' 'H' 'H' 'H' 'H' 'H' 'H' 'H' 'H' 'H'
 'H' 'H' 'H']",0.40103722846648776,0,1,61.4219,40.327198,52.414062,0.0
38,0,,"[  8.658285    -4.8624854   12.316209     7.995359    -6.0957866
  -1.3127139   12.003414     6.4735813   -4.8192897   -9.01108
 -10.426595    12.365533     3.9406996   -3.4295297    7.657569
  15.605856    -6.4431744    2.2931192  -18.921171     8.177449
   2.620212     0.66169894   3.3106258  -10.270036    -7.402697
   7.270972    -1.2111274    3.2560863   25.948992    -3.8397365
  -0.530492    -7.871824    -1.401424    -2.1983662   -2.1950996
   1.3763247    9.844042    14.911488    -1.6843851    5.948243
  -2.6284587   -2.28402     -2.0207856   -3.4435344   27.46358
   5.695177    -0.4156289   -1.3119863    5.4574065    1.3780265
  -1.6769481   -0.55569625  -3.2766604    2.25827     -1.3072762
   0.20789051  -2.146375    -0.7458157   -0.11929921  -0.38892645]",0.0,"['O' 'C' 'C' 'N' 'C' 'C' 'C' 'C' 'C' 'C' 'O' 'C' 'C' 'C' 'C' 'C' 'C' 'C'
 'C' 'O' 'O' 'C' 'C' 'C' 'O' 'C' 'O' 'O' 'O' 'C' 'C' 'N' 'H' 'H' 'H' 'H'
 'H' 'H' 'H' 'H' 'H' 'H' 'H' 'H' 'H' 'H' 'H' 'H' 'H' 'H' 'H' 'H' 'H' 'H'
 'H' 'H' 'H' 'H' 'H' 'H']",0.5273338060148218,0,0,110.454834,88.84767,11.542969,0.0
39,1,"[(9, 'C', 47.542), (10, 'C', 52.392), (11, 'C', 129.587)]","[ 3.47197127e+00  4.93810749e+00  2.16035652e+00  4.52669978e-01
  1.15581045e+01  1.64017220e+01 -1.69814769e-02  2.59387951e+01
  4.75424957e+01  5.23924751e+01  1.29586990e+02 -1.36529481e+00
 -2.70568085e+00 -2.60409504e-01  1.52331030e+00 -1.34083378e+00
 -2.88197327e+00 -3.47817612e+00  2.64759398e+00  5.29687071e+00
  1.09102478e+01  1.41775246e+01  2.27397022e+01]",131.0919612121582,"['C' 'C' 'C' 'C' 'C' 'C' 'C' 'C' 'C' 'C' 'C' 'H' 'H' 'H' 'H' 'H' 'H' 'H'
 'H' 'H' 'H' 'H' 'H']",0.7103139046216475,0,0,330.89154,339.68958,-6.0507812,131.0919612121582
40,0,,"[13.052196  -2.2564285 -5.2825294 -2.6262646  6.407018  -0.8330579
 -2.5713968 -1.9165627 -6.661732   1.5936514  4.966676   0.5992114
 -1.7407497  0.8240299  1.8198913 -2.6133406 -3.0462322 -2.7710009
 -2.8501027  3.8497493 -3.46717   -4.2203617]",0.0,"['C' 'C' 'C' 'C' 'C' 'C' 'C' 'C' 'C' 'O' 'C' 'C' 'H' 'H' 'H' 'H' 'H' 'H'
 'H' 'H' 'H' 'H']",0.0,0,0,-16.618055,-9.744507,-14.707031,0.0
41,1,"[(30, 'H', 36.488), (31, 'H', 41.604)]","[ 3.2576187e+01  2.2449190e+01 -3.1700094e+00  1.4553155e+00
  1.4316885e+01  1.3786816e+01  2.1328096e+00 -6.0804157e+00
 -5.1760831e+00 -3.4984977e+00 -2.0181558e+00  2.1053798e+00
  4.8720390e-03 -1.0351983e+01 -8.9471703e+00 -1.2249739e+00
  3.0062215e+00 -7.5364022e+00  6.9341302e+00 -5.8358049e-01
 -2.0413837e+01 -4.1334839e+00 -5.0955234e+00 -1.2215610e+00
  1.5183825e+00 -8.1764965e+00  2.2256541e+00 -6.1472875e-01
  3.9624581e+00  3.6487774e+01  4.1603523e+01 -3.9994552e+00
 -6.1265689e-01 -3.0685563e+00 -2.8483405e+00 -3.1813717e+00
  5.1207938e+00  4.4075033e-01  5.6480079e+00  2.3243713e+00
  5.0280547e+00  1.0722925e+01 -6.8153071e-01 -2.9219680e+00
 -2.5423312e+00 -2.5140650e+00  5.0194159e+00  2.0441852e+00
  2.6983595e+00  1.9194300e+00  9.7318363e-01 -1.5727003e+00
  9.3964720e+00  1.8747957e+00 -2.0077167e+00 -2.3104222e+00
 -1.4776396e+00  3.7669930e+00  2.6800814e+00]",9.971297149658199,"['C' 'C' 'C' 'C' 'C' 'C' 'C' 'C' 'C' 'C' 'C' 'C' 'C' 'C' 'C' 'C' 'C' 'C'
 'C' 'O' 'C' 'C' 'C' 'C' 'O' 'O' 'O' 'H' 'H' 'H' 'H' 'H' 'H' 'H' 'H' 'H'
 'H' 'H' 'H' 'H' 'H' 'H' 'H' 'H' 'H' 'H' 'H' 'H' 'H' 'H' 'H' 'H' 'H' 'H'
 'H' 'H' 'H' 'H' 'H']",0.9643847175199344,0,1,134.46196,126.24176,47.33789,9.971297149658199
42,0,,"[-4.4703622e+00 -1.1293571e+01  6.4902792e+00 -8.8324585e+00
  1.4033328e+00  8.6528939e-01  5.1219683e+00  1.2709422e+01
 -6.7706876e+00 -3.2087545e+00 -1.5530057e+00  1.1686748e+01
  1.1681486e+01  5.7201738e+00 -1.4957646e+00  1.8971352e-03
 -2.4767163e+00 -2.6079938e+00 -2.3161521e+00 -3.6668873e+00
  5.4328170e-02 -2.7158308e+00 -2.6818018e+00 -2.4984190e+00
 -9.2502996e-02 -1.1800600e+00  3.2351382e+00  7.5185184e+00
 -6.0232729e-01  2.3602024e-01 -5.8653301e-01  1.8902041e+00
  4.6741476e+00]",0.0,"['C' 'C' 'C' 'C' 'C' 'C' 'C' 'O' 'N' 'C' 'C' 'C' 'C' 'C' 'C' 'O' 'H' 'H'
 'H' 'H' 'H' 'H' 'H' 'H' 'H' 'H' 'H' 'H' 'H' 'H' 'H' 'H' 'H']",0.0,0,0,3.0073533,14.239125,-5.75,0.0
43,0,,"[ 9.4382429e+00 -1.4654152e+00  1.7281020e+00 -3.0215902e+00
  1.0963229e-01 -9.4612885e+00 -1.4794198e+01  6.7375727e+00
 -5.0064125e+00 -8.7542086e+00 -2.9494386e+00  1.8283331e+01
  3.1666291e+00 -7.1613092e+00 -1.1476886e+01 -1.2343004e+01
  6.1138582e+00  4.5456133e+00 -3.6700215e+00 -4.1126466e+00
  1.1661979e+00 -1.0358096e-01  1.2159872e+00  2.2616234e+00
  7.5494214e-03]",0.0,"['C' 'C' 'C' 'C' 'C' 'C' 'C' 'O' 'C' 'C' 'C' 'O' 'O' 'F' 'F' 'F' 'O' 'O'
 'H' 'H' 'H' 'H' 'H' 'H' 'H']",0.0,0,0,-34.41672,-29.545658,3.7480469,0.0
44,1,"[(1, 'C', 50.509), (2, 'C', 46.361)]","[ 5.0509224e+01  4.6360847e+01  1.2440356e+01 -1.2465819e+01
  1.3850955e+01 -1.3653350e+00  9.0977364e+00  9.2001166e-03
  5.5092325e+00  2.3645253e+00  3.1386771e+00  5.2583699e+00
  4.0891008e+00  1.2009801e+00 -2.0903883e+00 -3.7046030e+00
 -2.8541226e+00  4.5982852e+00  5.2008810e+00 -4.0348516e+00
  9.9216348e-01 -1.9527560e+00 -3.0419254e+00 -2.1223969e+00
 -2.1643918e+00  8.2116616e-01]",31.250071411132808,"['C' 'C' 'C' 'C' 'C' 'C' 'C' 'C' 'C' 'C' 'N' 'C' 'C' 'H' 'H' 'H' 'H' 'H'
 'H' 'H' 'H' 'H' 'H' 'H' 'H' 'H']",0.7353046977808484,0,0,119.703156,129.64511,-8.837891,31.250071411132808
45,1,"[(1, 'C', 51.776), (2, 'C', 48.231)]","[ 51.776466    48.231133    -5.7191534  -12.407828    12.225623
 -16.35545      2.0242429    3.43002      6.202453    -2.2299914
 -13.88031      1.87771    -12.688698     0.8256679   11.582889
   0.84144545  -2.135514    -3.610175    -2.1180596   -2.7969558
  -1.532883    -3.9895675   -2.5209606    1.2529757 ]",34.38759887695312,"['C' 'C' 'C' 'C' 'C' 'C' 'C' 'C' 'C' 'C' 'N' 'C' 'C' 'O' 'O' 'H' 'H' 'H'
 'H' 'H' 'H' 'H' 'H' 'H']",0.7262050811740717,0,0,53.17333,58.28508,-12.5390625,34.38759887695312
46,1,"[(2, 'C', 49.107), (10, 'N', 87.505), (11, 'C', 50.596), (27, 'H', 40.965)]","[ 2.85390358e+01  4.91069870e+01  2.57898540e+01 -4.03558540e+00
 -1.03397722e+01 -4.42829704e+00  1.57017946e+01  3.23227382e+00
  4.26155357e+01  8.75053406e+01  5.05962372e+01  2.78821611e+00
  6.52752399e+00  1.08216059e+00  5.83513355e+00  5.10801554e+00
  2.05091724e+01  7.26287556e+00  1.52362275e+00 -9.02613544e+00
 -8.78917217e-01  1.56659389e+00  5.23704243e+00  1.08501663e+01
  1.10678375e-01 -1.71737778e+00  4.09649696e+01  5.84536743e+00
  5.12987137e+00  6.64848661e+00  7.70547819e+00  3.38986707e+00
  9.47163165e-01 -5.93916655e-01 -3.78079087e-01  6.31556749e+00
 -1.17212892e+00  2.31972837e+00 -6.98233172e-02  3.43475461e+00
  2.83201103e+01 -2.10920191e+00 -1.62294817e+00 -1.66962850e+00
 -1.77220106e+00 -1.42834306e+00  1.00839829e+00]",91.21653439331054,"['C' 'C' 'C' 'C' 'C' 'C' 'C' 'C' 'O' 'N' 'C' 'O' 'O' 'C' 'O' 'O' 'C' 'C'
 'C' 'C' 'C' 'C' 'H' 'H' 'H' 'H' 'H' 'H' 'H' 'H' 'H' 'H' 'H' 'H' 'H' 'H'
 'H' 'H' 'H' 'H' 'H' 'H' 'H' 'H' 'H' 'H' 'H']",0.9283527183289927,0,0,422.39996,442.2757,-17.40625,91.21653439331054
47,0,,"[ 2.4022164  -4.7698216   3.9899774   2.9602425  -6.9208694   0.8748224
 -1.3098859   2.2427444  10.245616    1.2867522  17.423258    0.87687117
 -4.872326   -2.6984544  -1.3783267   5.3468513  -2.2869773  -1.9030977
 -1.4559203  -3.3367248  -0.6075425   2.6592846   5.201845    4.3310747
  1.195266   -1.3091434  -1.8437859   2.096595    0.88079536 -2.7837896
 -1.6953033   3.5964754   0.04349577  0.9199257  -1.8205335   1.6615651
  1.0291291 ]",0.0,"['C' 'C' 'C' 'C' 'C' 'C' 'N' 'C' 'O' 'C' 'C' 'C' 'C' 'C' 'C' 'C' 'H' 'H'
 'H' 'H' 'H' 'H' 'H' 'H' 'H' 'H' 'H' 'H' 'H' 'H' 'H' 'H' 'H' 'H' 'H' 'H'
 'H']",0.0,0,0,16.310095,30.272299,-10.939453,0.0
48,1,"[(31, 'H', 39.248), (33, 'H', 37.695), (45, 'H', 50.15)]","[ -3.1990943  -2.2715726  -4.3591766  -7.6293516   4.7148204   6.440095
   9.238575   -1.666231   -0.6722849   1.534349    0.6520736  -3.335792
  -5.3053226   5.087948    1.8489113  -1.8428918   3.6216774  -3.5598154
  12.396239   -2.9779532   4.0478296  56.609577    4.9531565 -12.718277
 -16.54862     9.71178    -2.8776731  -3.3148532  -2.1944096   3.8967764
  39.248386   27.090826   37.694984    0.9690246   2.528197   -2.0989704
  -2.9619105   6.11943     4.1798735   2.436275   -4.8380985  31.68695
  28.643297   30.515938   50.150146    1.8216871  -3.58981  ]",24.91351730346679,"['N' 'N' 'C' 'C' 'O' 'C' 'C' 'C' 'C' 'N' 'O' 'O' 'C' 'O' 'N' 'O' 'O' 'N'
 'C' 'C' 'C' 'O' 'C' 'C' 'C' 'C' 'H' 'H' 'H' 'H' 'H' 'H' 'H' 'H' 'H' 'H'
 'H' 'H' 'H' 'H' 'H' 'H' 'H' 'H' 'H' 'H' 'H']",0.9710229332809975,0,0,279.02484,299.8767,-22.646484,24.91351730346679
49,0,,"[ 0.6501731  15.673447   13.53112     0.73150104 -0.6236808  -0.17562373
  2.673556   -1.1287781  -3.8275917   2.6814294  -9.69172    -4.1805625
 -0.8076716  -2.4721594  -4.312324   -1.6267942  -2.5614262  12.165373
  3.0820756  33.863155   -1.6722978  -2.2961512  -2.4744706  -2.0875523
 -2.7026923   3.0749338  10.504072    9.79209    -1.1683286  -0.5876026
 -0.9283443   1.2015245 ]",0.0,"['C' 'N' 'O' 'O' 'C' 'C' 'O' 'C' 'O' 'C' 'C' 'C' 'C' 'C' 'O' 'H' 'H' 'H'
 'H' 'H' 'H' 'H' 'H' 'H' 'H' 'H' 'H' 'H' 'H' 'H' 'H' 'H']",0.6417561836848129,0,0,55.922123,64.298676,-6.5273438,0.0
50,0,,"[-11.991391    -4.059409    -0.8950523   -3.1455398   -4.3518343
 -13.726893    -7.0557814    1.6035119   -6.3758264   -2.9732473
   3.0591202   -0.58817416   4.8674603   -1.0312216   -2.6614182
  -2.6063306   -1.9276136   -2.2380621   -1.4261034   -0.25087905
   7.2852945    2.205718     5.0685873   -1.417501    -0.3024674
  -2.351469     3.353383  ]",0.0,"['C' 'C' 'C' 'C' 'C' 'S' 'N' 'O' 'C' 'C' 'H' 'H' 'H' 'H' 'H' 'H' 'H' 'H'
 'H' 'H' 'H' 'H' 'H' 'H' 'H' 'H' 'H']",0.0,0,0,-53.770554,-43.93314,-15.361328,0.0
51,0,,"[ -5.391985    -4.389662    -3.8758948   -3.8740788   -3.386086
  -1.6333562   -5.1919756   -2.6735692    7.7069407    3.9953775
  -0.43891183   2.030221    -3.473008    -2.298776    -5.9776063
  -4.081014     5.584821     3.2811816    2.1296415    8.299734
  -0.87068945 -10.333171    22.244282    -3.941828    -2.5811288
  -0.61954904  -0.9706834   -1.9552044   -2.3000314   -2.8821473
  -3.2164001   -2.709691    -1.3883247   -3.660355    16.382097
   4.0141325    5.2237434    0.8502771    5.2433352    1.4300793
   2.8847635    8.119611    -1.0044513   -0.96815485  14.290572
   1.7609693   -2.5498843   -0.13698116  -1.1979746    1.2063622
  26.142693    24.849384    -2.0304577 ]",0.0,"['C' 'C' 'C' 'C' 'C' 'C' 'C' 'O' 'N' 'O' 'N' 'C' 'N' 'N' 'C' 'C' 'C' 'C'
 'C' 'C' 'C' 'N' 'H' 'H' 'H' 'H' 'H' 'H' 'H' 'H' 'H' 'H' 'H' 'H' 'H' 'H'
 'H' 'H' 'H' 'H' 'H' 'H' 'H' 'H' 'H' 'H' 'H' 'H' 'H' 'H' 'H' 'H' 'H']",0.986352491471268,0,0,72.56253,75.66719,-2.1035156,0.0
52,1,"[(4, 'C', 40.818), (6, 'C', 65.179), (14, 'C', 59.64), (28, 'H', 86.144), (30, 'H', 40.959), (36, 'H', 80.132), (39, 'H', 99.997)]","[ 4.6452246e+00 -3.7184570e+00 -2.6486797e+00  4.0818295e+01
 -3.8302081e+00  6.5179237e+01 -7.2117801e+00 -6.9286364e-01
 -4.9627895e+00 -1.8532768e-01  2.1967611e+01 -6.7996268e+00
 -1.1450182e+01  5.9639671e+01 -5.2107506e+00 -6.2907872e+00
 -2.3453970e+00 -4.5248825e-02 -3.8547142e+00 -3.9294953e+00
 -2.1074580e-01 -6.4288387e+00 -5.9069681e+00 -3.7404184e+00
  6.5103865e+00  8.8905449e+00  1.2603134e+01  8.6143593e+01
 -5.8118768e+00  4.0958977e+01 -2.8263533e+00 -2.8031356e+00
 -3.0237510e+00 -1.3915142e+00 -3.2963495e+00  8.0131973e+01
 -1.7487392e+00  8.7127705e+00  9.9996948e+01  2.4820304e+00
 -4.1240067e+00 -2.9028699e+00 -3.0064063e+00 -3.0943995e+00
 -4.0133604e-01  4.0711856e+00 -5.3677926e+00 -8.9994097e-01
 -1.0905886e+00  7.6411116e-01 -6.2964621e+00  2.2702038e+00]",238.1986943054199,"['C' 'C' 'C' 'C' 'O' 'C' 'C' 'C' 'C' 'C' 'C' 'C' 'C' 'C' 'C' 'C' 'O' 'N'
 'O' 'C' 'C' 'C' 'C' 'H' 'H' 'H' 'H' 'H' 'H' 'H' 'H' 'H' 'H' 'H' 'H' 'H'
 'H' 'H' 'H' 'H' 'H' 'H' 'H' 'H' 'H' 'H' 'H' 'H' 'H' 'H' 'H' 'H']",0.9716287836188756,0,0,407.72876,418.23712,-10.359375,238.1986943054199
53,0,,"[-1.2662142e+01 -5.5794251e-01 -5.0580292e+00 -4.4338019e-03
  1.1511047e+00  3.4488671e-02  2.6040385e+00  7.4482245e+00
  2.4159741e+00 -1.6888321e+01 -4.4197583e+00  8.1284914e+00
  3.1059754e+00 -3.7733960e+00 -2.4950976e+00 -1.0467316e+00
  1.4438449e+00  8.9610233e+00 -1.7488120e+00  3.6134297e-01
  2.4185421e+00 -1.6963220e+00  1.5947729e-01  3.2505217e+00
  6.9643211e-01  8.9679307e-01]",0.0,"['N' 'C' 'C' 'C' 'O' 'C' 'O' 'C' 'C' 'C' 'N' 'O' 'H' 'H' 'H' 'H' 'H' 'H'
 'H' 'H' 'H' 'H' 'H' 'H' 'H' 'H']",0.0,0,0,-19.874758,-7.27471,-12.423828,0.0
54,1,"[(9, 'C', 18.186), (13, 'O', 30.075), (15, 'O', 25.927), (32, 'H', 22.482)]","[ -1.9515803    0.74046916  -9.377203    -1.3252639   -4.4953127
  -6.0749316   -2.145816    -0.13247909  18.185564   -13.911841
  22.908588    -7.0201497   30.075216    -1.5872245   25.927492
  -1.7858124   -4.110893    -5.4381313   -5.741623    -0.9936384
  -2.624906    -3.4898977    4.289484    -1.8133155    4.85125
   2.6266372    1.1691382    3.0233037    3.0489686   -3.056696
  -2.860556    22.481842    16.148693     0.63390625  22.04203
  -1.1063025   -3.094279    -2.643779     1.0700238    2.2292264
   4.029544    -2.4476388   -2.1993906    5.3826103 ]",96.67011260986328,"['O' 'O' 'C' 'O' 'O' 'C' 'O' 'C' 'C' 'C' 'O' 'C' 'O' 'C' 'O' 'C' 'C' 'C'
 'C' 'O' 'C' 'O' 'H' 'H' 'H' 'H' 'H' 'H' 'H' 'H' 'H' 'H' 'H' 'H' 'H' 'H'
 'H' 'H' 'H' 'H' 'H' 'H' 'H' 'H']",0.9644827476309261,1,1,93.16712,99.43532,-11.71875,96.67011260986328
55,1,"[(39, 'H', 49.168)]","[-15.275023   -5.71726    -3.575609   -1.6685252  -3.697337   -2.175677
  -2.5452688  -5.6884036  10.974337    7.5296884  -3.1823735  -5.0929193
  -4.3630548  -9.511762   -9.337205    0.858642    2.208119    8.475081
  -2.903717   -3.5936487   3.591574   -2.9225729  -2.8127725  -2.9500608
   4.4115252   4.247042   -3.4068232  -1.9236447  -0.9817399  13.831825
   8.278051   14.333748   -1.1921642  -2.4861634  -2.070162    4.2232018
   8.768303   -2.8503377  49.167698 ]",15.107697906494138,"['C' 'C' 'O' 'O' 'C' 'O' 'O' 'C' 'C' 'N' 'C' 'O' 'C' 'C' 'C' 'O' 'C' 'C'
 'H' 'H' 'H' 'H' 'H' 'H' 'H' 'H' 'H' 'H' 'H' 'H' 'H' 'H' 'H' 'H' 'H' 'H'
 'H' 'H' 'H']",0.3642260424782309,0,0,20.117794,38.97461,-26.695312,15.107697906494138
56,1,"[(30, 'H', 58.724), (33, 'H', 67.756), (38, 'H', 34.211), (49, 'H', 42.596), (53, 'H', 60.082)]","[ 2.6570127  -5.301879    5.9462976  14.419998   -3.2854788   6.8416457
 -4.316129   -0.58547294  1.0790011   0.61110574 17.23384    -1.5001609
  4.6135883  -9.334862    1.3750389  -1.4839351  -7.7969737   2.853346
  2.769906   10.413112   -0.41515207  0.43734202 -8.558086   -4.2394586
 -2.4752307  -1.304919    0.92623633 -2.9860756   3.5559597  58.724064
 -2.1647956  -2.9731221  67.75551    -3.7419655  -4.9988976  20.49393
 -6.1119614  34.210915    7.028406   -2.9380388  -2.4453974   0.7185963
  1.6189946  -0.4752741   1.4391378  20.346102    7.1781063  15.453132
 42.595596   -1.5806758  -3.8630612   7.2499647  60.0821     15.218137  ]",93.06818313598632,"['C' 'N' 'O' 'C' 'C' 'C' 'N' 'C' 'O' 'C' 'O' 'C' 'O' 'C' 'N' 'O' 'C' 'C'
 'C' 'C' 'C' 'O' 'C' 'C' 'C' 'H' 'H' 'H' 'H' 'H' 'H' 'H' 'H' 'H' 'H' 'H'
 'H' 'H' 'H' 'H' 'H' 'H' 'H' 'H' 'H' 'H' 'H' 'H' 'H' 'H' 'H' 'H' 'H' 'H']",0.6186541590022707,0,0,331.67822,350.96912,-27.410156,93.06818313598632
57,1,"[(39, 'H', 45.111)]","[ 3.8869457  -4.001038   -7.5101852   3.9855332  -0.27158058 -4.693171
  1.7978325   5.88177    -1.1015564  -0.72466993 -7.4657044  -9.369322
  0.7705869  12.928522   12.286256   -2.3201156  -8.228845   -2.7534769
  2.5311084   0.9027727  -1.1268015  -2.527508   -2.943618   -0.7538417
  4.803208   -1.4899528  -3.3953156  -1.2860745   5.5609746  -1.3247128
 21.161518    4.9728208  -0.30218852 -2.3994176  -2.6840587  -1.7790241
 -2.7411108  26.777899   45.110645   -0.8034722   2.103885  ]",11.05064529418945,"['C' 'C' 'N' 'C' 'C' 'N' 'O' 'C' 'C' 'O' 'C' 'C' 'C' 'C' 'C' 'C' 'C' 'C'
 'N' 'O' 'H' 'H' 'H' 'H' 'H' 'H' 'H' 'H' 'H' 'H' 'H' 'H' 'H' 'H' 'H' 'H'
 'H' 'H' 'H' 'H' 'H']",0.0,0,0,69.33486,81.465515,-8.705078,11.05064529418945
58,1,"[(39, 'H', 53.088)]","[-4.699846   -4.5597973  -5.5394297  -6.191735   -4.591732    1.6145376
 -7.863621   -8.345725   -2.7622893  -9.669397   -4.291263   -0.08663394
 -4.724726   -3.1860366   7.382491    0.17885196 -8.092291   -3.653556
 -6.0695796   0.263823   -2.2402492  -2.9573362  12.517207   -2.3259141
 -1.4706973  -1.7137036  -0.43862525 -1.9396759  -2.3036997  -2.306587
 13.956705   -0.805053    0.33925542  4.4613266  -0.9274206   1.6597672
 -1.0732291  -0.75156    53.08799    -3.026543   -1.1127293  -2.1329007
  1.4971665  -2.1447725   1.5506004   9.627816   -5.2501216  -0.7546538
  0.85276294]",19.027989807128904,"['C' 'C' 'C' 'C' 'C' 'C' 'N' 'C' 'C' 'C' 'C' 'C' 'C' 'C' 'C' 'C' 'F' 'C'
 'C' 'H' 'H' 'H' 'H' 'H' 'H' 'H' 'H' 'H' 'H' 'H' 'H' 'H' 'H' 'H' 'H' 'H'
 'H' 'H' 'H' 'H' 'H' 'H' 'H' 'H' 'H' 'H' 'H' 'H' 'H']",0.0,0,0,-28.062052,-11.012834,-26.548828,19.027989807128904
59,0,,"[ -2.720778    -8.304538     0.22485538  -4.787494     0.19461806
  -4.971355    -4.7356663   -5.8819723   -2.8886168   -7.097068
  -3.7252414  -10.564852     0.08608463  -1.6352164   -1.3359314
  -2.2872488   -0.33038664  -0.79030144  -1.8654256   -0.4953534
  -1.240234     0.4161826   -3.1266203   -2.099989    -2.1203344
  -1.51437     -1.0164202   -2.507722     0.7491674   13.380262
  11.084832    -2.1059308   -1.7989324 ]",0.0,"['C' 'N' 'C' 'C' 'N' 'C' 'C' 'C' 'C' 'N' 'C' 'C' 'C' 'C' 'H' 'H' 'H' 'H'
 'H' 'H' 'H' 'H' 'H' 'H' 'H' 'H' 'H' 'H' 'H' 'H' 'H' 'H' 'H']",0.0,0,0,-64.98207,-55.812,-9.767578,0.0
60,0,,"[ -5.696327    -6.268369    -1.59646    -19.77403     -6.5639777
   1.7966111   -0.6949491   -2.8076465    0.4806785   -2.7875164
   4.837516     1.1548302   -2.056125     7.2373605   19.212845
 -17.583986    -2.1384368   -1.4622078    7.4038944   -3.0101674
  -0.69895756  10.338465    -5.390755    -3.3519225   -2.6357656
  -1.5856191    1.3182158    1.9206991   -3.1666658   -0.66393834
  -2.1051924   14.743451    -2.1524277   30.04141     -3.6676874
  -1.057577    18.270853     4.0653777    2.8428442   -2.828794
  -3.5010393   -4.9974546 ]",0.0,"['C' 'C' 'N' 'C' 'O' 'C' 'N' 'C' 'N' 'C' 'C' 'N' 'C' 'O' 'N' 'C' 'C' 'C'
 'O' 'H' 'H' 'H' 'H' 'H' 'H' 'H' 'H' 'H' 'H' 'H' 'H' 'H' 'H' 'H' 'H' 'H'
 'H' 'H' 'H' 'H' 'H' 'H']",0.9463390939128524,0,0,19.88074,15.421058,1.1289062,0.0
61,0,,"[ 1.0274175  -1.8029127  -9.131991   -4.096634   16.901125    1.1272053
  4.7084603  -0.34903878 -0.6209615  -7.496793    4.3041844  -0.817389
 13.749642   13.334939   -0.9222635   0.7484118   4.582603    2.9033515
  3.0255313  -3.2645314 ]",0.0,"['O' 'C' 'C' 'C' 'O' 'C' 'O' 'O' 'O' 'C' 'H' 'H' 'H' 'H' 'H' 'H' 'H' 'H'
 'H' 'H']",0.0,0,0,31.334616,37.91036,-7.8710938,0.0
