mol_id,unique_key,energy
3872,3872__-165,3.1448052
3872,3872__-150,1.5049161
3872,3872__-135,0.0
3872,3872__-120,0.17500019
3872,3872__-105,0.7709801
3872,3872__-90,1.0341423
3872,3872__-75,0.7625334
3872,3872__-60,0.17151952
3872,3872__-45,0.09685826
3872,3872__-30,1.693105
3872,3872__-15,3.3530853
3872,3872__0,4.0606794
3872,3872__15,3.4152744
3872,3872__30,1.7259789
3872,3872__45,0.17099524
3872,3872__60,0.22302592
3872,3872__75,0.7220236
3872,3872__90,1.0070326
3872,3872__105,0.735615
3872,3872__120,0.18486142
3872,3872__135,0.039122105
3872,3872__150,1.5138497
3872,3872__165,3.1005764
3872,3872__180,3.7937906
3872,3872__-180,3.7937906
4976,4976__180,2.7972577
4976,4976__-180,2.7972577
4976,4976__-165,2.4057608
4976,4976__-150,1.2127047
4976,4976__-135,0.034296513
4976,4976__-120,0.062184095
4976,4976__-105,0.4902091
4976,4976__-90,1.0379813
4976,4976__-75,1.4871736
4976,4976__-60,1.612141
4976,4976__-45,1.6065896
4976,4976__-30,2.031138
4976,4976__-15,2.499211
4976,4976__0,2.709859
4976,4976__15,2.592484
4976,4976__30,2.1157577
4976,4976__45,1.59113
4976,4976__60,1.4134729
4976,4976__75,1.2151549
4976,4976__90,0.8523395
4976,4976__105,0.3874135
4976,4976__120,0.0
4976,4976__135,0.015170574
4976,4976__150,1.213166
4976,4976__165,2.3492327
1325,1325__180,0.0
1325,1325__-180,0.0
1325,1325__-165,0.2920785
1325,1325__-150,0.97901976
1325,1325__-135,1.8891702
1325,1325__-120,2.671864
1325,1325__-105,2.9641438
1325,1325__-90,2.6941123
1325,1325__-75,2.2164993
1325,1325__-60,2.000571
1325,1325__-45,2.3619266
1325,1325__-30,3.5307493
1325,1325__-15,4.623337
1325,1325__0,5.131772
1325,1325__15,4.827904
1325,1325__30,3.825607
1325,1325__45,2.7158747
1325,1325__60,2.3362572
1325,1325__75,2.5445766
1325,1325__90,2.9687982
1325,1325__105,3.1625063
1325,1325__120,2.7472095
1325,1325__135,1.8685555
1325,1325__150,0.92159307
1325,1325__165,0.24260259
1623,1623__180,5.7344046
1623,1623__-180,5.7344046
1623,1623__-165,4.8905
1623,1623__-150,2.6759048
1623,1623__-135,0.36999655
1623,1623__-120,0.0
1623,1623__-105,0.23971295
1623,1623__-90,0.53421164
1623,1623__-75,0.7292646
1623,1623__-60,0.89951
1623,1623__-45,1.4893868
1623,1623__-30,3.5288966
1623,1623__-15,5.3493004
1623,1623__0,6.0018272
1623,1623__15,5.2980328
1623,1623__30,3.41515
1623,1623__45,1.4134338
1623,1623__60,0.82701504
1623,1623__75,0.68873715
1623,1623__90,0.47535372
1623,1623__105,0.18210936
1623,1623__120,0.08786154
1623,1623__135,0.59551954
1623,1623__150,2.9368236
1623,1623__165,4.9872255
4729,4729__-165,5.3108416
4729,4729__-150,3.8866873
4729,4729__-135,2.6316907
4729,4729__-120,1.6612476
4729,4729__-105,1.5505564
4729,4729__-90,1.900073
4729,4729__-75,2.4371743
4729,4729__-60,2.6505997
4729,4729__-45,2.258168
4729,4729__-30,1.4995548
4729,4729__-15,0.7139654
4729,4729__0,0.12354493
4729,4729__15,0.0
4729,4729__30,0.34379458
4729,4729__45,0.8631054
4729,4729__60,1.4108591
4729,4729__75,1.5954447
4729,4729__90,1.3661442
4729,4729__105,1.1316786
4729,4729__120,1.3094565
4729,4729__135,2.7469249
4729,4729__150,4.5019794
4729,4729__165,5.837661
4729,4729__180,6.073815
4729,4729__-180,6.073815
2818,2818__-165,0.12997842
2818,2818__-150,0.26909077
2818,2818__-135,0.617316
2818,2818__-120,1.3232365
2818,2818__-105,1.9839017
2818,2818__-90,2.2786257
2818,2818__-75,2.0721416
2818,2818__-60,1.452249
2818,2818__-45,0.7076324
2818,2818__-30,0.27944863
2818,2818__-15,0.04604745
2818,2818__0,0.0
2818,2818__15,0.025556087
2818,2818__30,0.21704865
2818,2818__45,0.6521417
2818,2818__60,1.4302742
2818,2818__75,2.079833
2818,2818__90,2.304241
2818,2818__105,2.0496426
2818,2818__120,1.3821545
2818,2818__135,0.65030956
2818,2818__150,0.2525034
2818,2818__165,0.105614424
2818,2818__180,0.09595001
2818,2818__-180,0.09595001
4455,4455__180,5.5600653
4455,4455__-180,5.5600653
4455,4455__-165,4.758975
4455,4455__-150,2.5963645
4455,4455__-135,0.42031884
4455,4455__-120,0.38341475
4455,4455__-105,0.7957251
4455,4455__-90,1.0561998
4455,4455__-75,0.86898804
4455,4455__-60,0.31289136
4455,4455__-45,0.0
4455,4455__-30,1.1141509
4455,4455__-15,2.293371
4455,4455__0,2.7472215
4455,4455__15,2.321568
4455,4455__30,1.1391344
4455,4455__45,0.049303055
4455,4455__60,0.313442
4455,4455__75,0.74945235
4455,4455__90,0.91629124
4455,4455__105,0.6771302
4455,4455__120,0.3231554
4455,4455__135,0.4507475
4455,4455__150,2.6949883
4455,4455__165,4.760149
455,455__180,3.0422788
455,455__-180,3.0422788
455,455__-165,2.7085328
455,455__-150,1.7838345
455,455__-135,1.0241481
455,455__-120,1.3582293
455,455__-105,1.902478
455,455__-90,2.1891668
455,455__-75,1.888551
455,455__-60,1.1457157
455,455__-45,0.41468382
455,455__-30,0.06363416
455,455__-15,0.011310339
455,455__0,0.005124569
455,455__15,0.0
455,455__30,0.08395028
455,455__45,0.45762372
455,455__60,1.2171005
455,455__75,1.9411571
455,455__90,2.2280285
455,455__105,1.9602277
455,455__120,1.3724972
455,455__135,1.028759
455,455__150,1.8392217
455,455__165,2.6839082
745,745__-165,1.8771195
745,745__-150,1.6960274
745,745__-135,1.1336453
745,745__-120,0.5143964
745,745__-105,0.15333009
745,745__-90,0.0184443
745,745__-75,0.07811284
745,745__-60,0.2381432
745,745__-45,0.39861107
745,745__-30,0.6837858
745,745__-15,1.0718789
745,745__0,1.5309576
745,745__15,1.8105531
745,745__30,1.7095252
745,745__45,1.2639244
745,745__60,0.6972263
745,745__75,0.17457461
745,745__90,0.0
745,745__105,0.069066525
745,745__120,0.22926307
745,745__135,0.4450891
745,745__150,0.7631916
745,745__165,1.2413547
745,745__180,1.6759156
745,745__-180,1.6759156
2254,2254__-165,1.3952692
2254,2254__-150,1.6014276
2254,2254__-135,1.930804
2254,2254__-120,2.1920192
2254,2254__-105,2.0679538
2254,2254__-90,1.4628308
2254,2254__-75,0.6381159
2254,2254__-60,0.01810503
2254,2254__-45,0.0
2254,2254__-30,1.0924822
2254,2254__-15,2.1357763
2254,2254__0,2.5984643
2254,2254__15,2.186006
2254,2254__30,1.1457555
2254,2254__45,0.15899348
2254,2254__60,0.24876916
2254,2254__75,0.7774631
2254,2254__90,1.457484
2254,2254__105,1.8752295
2254,2254__120,1.8999603
2254,2254__135,1.6770455
2254,2254__150,1.4493742
2254,2254__165,1.3126452
2254,2254__180,1.3056761
2254,2254__-180,1.3056761
2386,2386__180,2.9386547
2386,2386__-180,2.9386547
2386,2386__-165,2.5084078
2386,2386__-150,1.2826797
2386,2386__-135,0.13911843
2386,2386__-120,0.18596649
2386,2386__-105,0.41853595
2386,2386__-90,0.47497082
2386,2386__-75,0.29992867
2386,2386__-60,0.015909672
2386,2386__-45,0.21028233
2386,2386__-30,2.150113
2386,2386__-15,4.048558
2386,2386__0,4.7581406
2386,2386__15,4.062113
2386,2386__30,2.1662276
2386,2386__45,0.24470747
2386,2386__60,0.0
2386,2386__75,0.259238
2386,2386__90,0.47643018
2386,2386__105,0.41800928
2386,2386__120,0.10317016
2386,2386__135,0.044688225
2386,2386__150,1.2499902
2386,2386__165,2.4655173
423,423__-165,4.702141
423,423__-150,3.9381146
423,423__-135,2.831905
423,423__-120,1.6603773
423,423__-105,0.61117005
423,423__-90,0.08252168
423,423__-75,0.26961946
423,423__-60,1.2235215
423,423__-45,2.7183847
423,423__-30,4.192323
423,423__-15,5.19777
423,423__0,5.517229
423,423__15,5.1909957
423,423__30,4.2299466
423,423__45,2.8465152
423,423__60,1.3682946
423,423__75,0.24763298
423,423__90,0.0
423,423__105,0.4829619
423,423__120,1.4651101
423,423__135,2.7349777
423,423__150,4.0257916
423,423__165,4.7885137
423,423__180,4.961957
423,423__-180,4.961957
1743,1743__-165,2.8474972
1743,1743__-150,2.9569328
1743,1743__-135,3.7695067
1743,1743__-120,5.8993216
1743,1743__-105,7.6432724
1743,1743__-90,7.844474
1743,1743__-75,6.3677692
1743,1743__-60,3.7256293
1743,1743__-45,1.29193
1743,1743__-30,0.3491634
1743,1743__-15,0.0
1743,1743__0,0.030369282
1743,1743__15,0.21212602
1743,1743__30,0.723274
1743,1743__45,1.9376824
1743,1743__60,4.3186474
1743,1743__75,6.4455643
1743,1743__90,7.2449465
1743,1743__105,6.337902
1743,1743__120,4.354759
1743,1743__135,2.4722364
1743,1743__150,2.1054246
1743,1743__165,2.4001827
1743,1743__180,2.7496173
1743,1743__-180,2.7496173
3261,3261__-165,0.27284288
3261,3261__-150,0.7158631
3261,3261__-135,1.5179616
3261,3261__-120,2.6266565
3261,3261__-105,3.4437604
3261,3261__-90,3.6734133
3261,3261__-75,3.1832712
3261,3261__-60,2.1549592
3261,3261__-45,1.032646
3261,3261__-30,0.39001632
3261,3261__-15,0.04371333
3261,3261__0,0.0
3261,3261__15,0.1425507
3261,3261__30,0.5506917
3261,3261__45,1.2840182
3261,3261__60,2.4138644
3261,3261__75,3.3670826
3261,3261__90,3.7658699
3261,3261__105,3.4412224
3261,3261__120,2.4846609
3261,3261__135,1.3822796
3261,3261__150,0.6402341
3261,3261__165,0.21389437
3261,3261__180,0.121608496
3261,3261__-180,0.121608496
3730,3730__180,3.3060865
3730,3730__-180,3.3060865
3730,3730__-165,3.3861516
3730,3730__-150,2.5934634
3730,3730__-135,1.3566396
3730,3730__-120,0.43636632
3730,3730__-105,0.16964126
3730,3730__-90,0.56349826
3730,3730__-75,1.2076418
3730,3730__-60,1.4663103
3730,3730__-45,1.0840478
3730,3730__-30,0.45205736
3730,3730__-15,0.0
3730,3730__0,0.28517628
3730,3730__15,1.2677451
3730,3730__30,2.5706422
3730,3730__45,3.4591296
3730,3730__60,3.4834106
3730,3730__75,2.5421193
3730,3730__90,1.3198428
3730,3730__105,0.3579383
3730,3730__120,0.038535357
3730,3730__135,0.35138798
3730,3730__150,1.3387172
3730,3730__165,2.4887245
1883,1883__-165,2.3477561
1883,1883__-150,3.538767
1883,1883__-135,4.4609303
1883,1883__-120,4.5833583
1883,1883__-105,3.491787
1883,1883__-90,1.8719789
1883,1883__-75,0.45631194
1883,1883__-60,0.0
1883,1883__-45,0.8906566
1883,1883__-30,2.7817497
1883,1883__-15,4.534166
1883,1883__0,5.2349377
1883,1883__15,4.5455985
1883,1883__30,2.881045
1883,1883__45,1.2358832
1883,1883__60,0.5780579
1883,1883__75,1.173547
1883,1883__90,2.591492
1883,1883__105,4.0157504
1883,1883__120,4.6950626
1883,1883__135,4.207151
1883,1883__150,3.0990674
1883,1883__165,1.9605222
1883,1883__180,1.6314985
1883,1883__-180,1.6314985
296,296__180,0.0
296,296__-180,0.0
296,296__-165,0.5984076
296,296__-150,2.163555
296,296__-135,4.1916647
296,296__-120,6.265577
296,296__-105,7.9524145
296,296__-90,8.569273
296,296__-75,8.542483
296,296__-60,8.6573
296,296__-45,9.121485
296,296__-30,10.870967
296,296__-15,12.289454
296,296__0,12.840744
296,296__15,12.237404
296,296__30,10.836089
296,296__45,9.122173
296,296__60,8.729684
296,296__75,8.911093
296,296__90,8.797696
296,296__105,8.007199
296,296__120,6.352159
296,296__135,4.202522
296,296__150,2.0659673
296,296__165,0.57477474
3276,3276__180,3.2911649
3276,3276__-180,3.2911649
3276,3276__-165,3.0355167
3276,3276__-150,2.354352
3276,3276__-135,1.5012454
3276,3276__-120,0.8184273
3276,3276__-105,0.3777225
3276,3276__-90,0.18225789
3276,3276__-75,0.08510351
3276,3276__-60,0.0
3276,3276__-45,0.11183739
3276,3276__-30,0.43591452
3276,3276__-15,0.77241755
3276,3276__0,0.9232445
3276,3276__15,0.8221103
3276,3276__30,0.47910953
3276,3276__45,0.18769956
3276,3276__60,0.057967424
3276,3276__75,0.0643127
3276,3276__90,0.18946385
3276,3276__105,0.42202425
3276,3276__120,0.86028886
3276,3276__135,1.5067706
3276,3276__150,2.3366804
3276,3276__165,3.0024006
10,10__180,0.0
10,10__-180,0.0
10,10__-165,0.28133154
10,10__-150,0.9628465
10,10__-135,1.9017357
10,10__-120,2.9833093
10,10__-105,3.809228
10,10__-90,4.107412
10,10__-75,3.8365393
10,10__-60,2.9844918
10,10__-45,1.8707778
10,10__-30,0.8581159
10,10__-15,0.2275523
10,10__0,0.0045586824
10,10__15,0.27214777
10,10__30,0.9110801
10,10__45,1.8905507
10,10__60,2.983827
10,10__75,3.8423433
10,10__90,4.2071743
10,10__105,3.8758335
10,10__120,2.9419718
10,10__135,1.7399384
10,10__150,0.77062213
10,10__165,0.17240095
256,256__180,2.6048913
256,256__-180,2.6048913
256,256__-165,2.285271
256,256__-150,1.3029727
256,256__-135,0.32641888
256,256__-120,0.0732193
256,256__-105,0.17829871
256,256__-90,0.45662475
256,256__-75,0.6255809
256,256__-60,0.53088295
256,256__-45,0.29826462
256,256__-30,0.1154933
256,256__-15,0.035755396
256,256__0,0.0
256,256__15,0.04947734
256,256__30,0.16829586
256,256__45,0.39587736
256,256__60,0.63454545
256,256__75,0.67316675
256,256__90,0.49605107
256,256__105,0.22744536
256,256__120,0.059538126
256,256__135,0.27651942
256,256__150,1.2600634
256,256__165,2.189629
